# Blender 5.2.0 LTS
# www.blender.org
mtllib final.mtl
o RenderMesh_77062821114462
v -0.365025 -0.288780 0.118485
v -0.385341 -0.306081 0.108581
v -0.379885 -0.294049 0.123646
v -0.388740 -0.313143 0.128781
v -0.375399 -0.301825 0.141557
v -0.386309 -0.325890 0.111431
v -0.359046 -0.299141 0.142353
v -0.372293 -0.304812 0.098414
v -0.381822 -0.333666 0.129343
v -0.314029 -0.310549 0.119563
v -0.317381 -0.304741 0.106182
v -0.321456 -0.313731 0.094927
v -0.360337 -0.325534 0.146148
v -0.314751 -0.325350 0.121692
v -0.373584 -0.331207 0.102209
v -0.322180 -0.328530 0.097055
v -0.367605 -0.341569 0.126078
v -0.318828 -0.334340 0.110438
v -0.376368 -0.321634 0.144407
v 0.368195 -0.324892 0.009181
v 0.369785 -0.307995 0.019832
v 0.380785 -0.325307 0.026808
v 0.351894 -0.325388 0.006136
v 0.371179 -0.342623 0.018019
v 0.355870 -0.349015 0.017913
v 0.375751 -0.343460 0.037509
v 0.361962 -0.350130 0.043882
v 0.377340 -0.326563 0.048160
v 0.307787 -0.341696 0.035536
v 0.311203 -0.342321 0.050097
v 0.305559 -0.328448 0.028933
v 0.312390 -0.329697 0.058054
v 0.306745 -0.315825 0.036890
v 0.364079 -0.327617 0.058074
v 0.354012 -0.302875 0.020329
v 0.310162 -0.316449 0.051451
v 0.360104 -0.303988 0.046297
v 0.374357 -0.308831 0.039322
v 0.368145 -0.595048 0.095253
v 0.368645 -0.581115 0.080863
v 0.379711 -0.577128 0.099056
v 0.352067 -0.599132 0.095377
v 0.371115 -0.589821 0.114365
v 0.356023 -0.592167 0.120843
v 0.374585 -0.570661 0.119089
v 0.375085 -0.556728 0.104699
v 0.360646 -0.566639 0.127138
v 0.306823 -0.576434 0.118038
v 0.304604 -0.580339 0.103757
v 0.309415 -0.562119 0.121566
v 0.304978 -0.569929 0.093007
v 0.361313 -0.548074 0.107964
v 0.309789 -0.551710 0.110815
v 0.307571 -0.555615 0.096536
v 0.352733 -0.580567 0.076202
v 0.357357 -0.555038 0.082495
v 0.372116 -0.561955 0.085586
v -0.372522 -0.568398 -0.088431
v -0.379552 -0.583776 -0.077683
v -0.383039 -0.563800 -0.070057
v -0.357375 -0.573816 -0.092485
v -0.368299 -0.550995 -0.079445
v -0.351747 -0.550628 -0.080511
v -0.371105 -0.548971 -0.059710
v -0.378134 -0.564350 -0.048961
v -0.355486 -0.547931 -0.054215
v -0.308725 -0.575364 -0.065903
v -0.311881 -0.588366 -0.072617
v -0.310821 -0.573852 -0.051159
v -0.317133 -0.599855 -0.064586
v -0.364852 -0.568422 -0.039893
v -0.316074 -0.585341 -0.043128
v -0.319229 -0.598343 -0.049842
v -0.366741 -0.594307 -0.078163
v -0.370480 -0.591609 -0.051865
v -0.382358 -0.581752 -0.057948
v -0.322054 -0.736700 0.237196
v -0.330772 -0.719362 0.242181
v -0.332675 -0.725992 0.221644
v -0.318955 -0.712216 0.251376
v -0.333993 -0.705383 0.228195
v -0.316556 -0.740057 0.218223
v -0.319777 -0.726077 0.204237
v -0.307338 -0.735317 0.244731
v -0.304306 -0.721162 0.200816
v -0.263980 -0.707133 0.246116
v -0.300014 -0.739790 0.219452
v -0.259873 -0.709641 0.231940
v -0.270494 -0.694180 0.249841
v -0.262280 -0.699196 0.221492
v -0.268793 -0.686244 0.225217
v -0.323248 -0.693588 0.232738
v -0.272901 -0.683735 0.239391
v -0.315923 -0.698061 0.207459
v -0.328496 -0.708740 0.209222
v 0.376467 -0.799925 0.038867
v 0.374877 -0.782899 0.049310
v 0.387224 -0.798638 0.057629
v 0.360733 -0.802499 0.034277
v 0.380770 -0.817083 0.048276
v 0.366467 -0.825361 0.046813
v 0.383482 -0.817216 0.068127
v 0.381892 -0.800191 0.078570
v 0.370082 -0.825539 0.073264
v 0.316354 -0.824076 0.059588
v 0.313140 -0.811257 0.052559
v 0.318381 -0.824176 0.074419
v 0.311952 -0.798537 0.060361
v 0.367962 -0.802853 0.087179
v 0.317193 -0.811454 0.082221
v 0.313978 -0.798636 0.075193
v 0.358614 -0.779813 0.048191
v 0.362229 -0.779990 0.074642
v 0.377589 -0.783032 0.069161
v -0.135683 -0.219820 -0.244358
v -0.124821 -0.203079 -0.242575
v -0.115201 -0.220373 -0.251395
v -0.143266 -0.220458 -0.229615
v -0.126574 -0.237657 -0.244969
v -0.131127 -0.244222 -0.230430
v -0.106603 -0.238750 -0.243797
v -0.104516 -0.245680 -0.228868
v -0.127893 -0.237739 -0.179209
v -0.134699 -0.224413 -0.178752
v -0.112972 -0.238557 -0.178334
v -0.126584 -0.211907 -0.177420
v -0.090042 -0.223373 -0.226494
v -0.104856 -0.226048 -0.177002
v -0.095740 -0.222008 -0.242016
v -0.111662 -0.212723 -0.176545
v -0.104849 -0.204174 -0.241404
v -0.102180 -0.199608 -0.225679
v -0.128792 -0.198151 -0.227238
vn -0.0323 0.9924 -0.1184
vn -0.7992 0.3489 -0.4893
vn -0.5945 0.8005 0.0759
vn -0.9569 0.0867 0.2773
vn -0.4262 0.5087 0.7481
vn -0.8356 -0.3944 -0.3824
vn 0.1909 0.6057 0.7725
vn -0.3036 0.3940 -0.8675
vn -0.6672 -0.6862 0.2897
vn 0.4821 0.5653 0.6694
vn 0.2640 0.9433 -0.2013
vn -0.0012 0.3584 -0.9336
vn 0.1427 -0.3794 0.9141
vn 0.4350 -0.3976 0.8079
vn -0.3517 -0.5911 -0.7258
vn -0.0482 -0.6046 -0.7951
vn -0.1286 -0.9779 0.1650
vn 0.1699 -0.9826 0.0756
vn -0.4625 -0.2347 0.8550
vn 0.4698 0.0650 -0.8804
vn 0.5294 0.6990 -0.4807
vn 0.9728 0.0510 -0.2260
vn -0.1456 0.0459 -0.9883
vn 0.5818 -0.6004 -0.5487
vn 0.0027 -0.8360 -0.5487
vn 0.7533 -0.6318 0.1826
vn 0.2302 -0.8776 0.4206
vn 0.8129 0.0023 0.5823
vn -0.2978 -0.8329 -0.4665
vn -0.0755 -0.8735 0.4809
vn -0.4428 0.0291 -0.8961
vn 0.0017 -0.0522 0.9986
vn -0.3656 0.8504 -0.3784
vn 0.3092 -0.0373 0.9503
vn -0.0666 0.8862 -0.4586
vn -0.1433 0.8098 0.5690
vn 0.1608 0.8446 0.5107
vn 0.7010 0.6677 0.2507
vn 0.5174 -0.8182 -0.2508
vn 0.5362 -0.2953 -0.7907
vn 0.9823 -0.1504 -0.1115
vn -0.0900 -0.9655 -0.2443
vn 0.6289 -0.6220 0.4665
vn 0.0577 -0.7056 0.7063
vn 0.7591 0.0970 0.6437
vn 0.7779 0.6198 0.1037
vn 0.2303 0.2473 0.9412
vn -0.2470 -0.6432 0.7248
vn -0.3914 -0.8973 -0.2043
vn -0.0784 0.2882 0.9544
vn -0.3670 -0.2200 -0.9038
vn 0.2551 0.9402 0.2255
vn -0.0540 0.9655 0.2548
vn -0.1984 0.7114 -0.6742
vn -0.0651 -0.2726 -0.9599
vn 0.1075 0.6803 -0.7250
vn 0.6664 0.4237 -0.6135
vn -0.5115 0.1299 -0.8494
vn -0.7753 -0.4471 -0.4461
vn -0.9355 0.3123 -0.1651
vn 0.0609 -0.0744 -0.9954
vn -0.3530 0.7830 -0.5122
vn 0.2710 0.7911 -0.5484
vn -0.4583 0.8589 0.2284
vn -0.7221 0.2818 0.6318
vn 0.1314 0.8917 0.4331
vn 0.5538 0.6767 -0.4851
vn 0.3485 -0.1692 -0.9219
vn 0.4174 0.7751 0.4742
vn 0.0068 -0.9168 -0.3994
vn -0.2182 0.1269 0.9676
vn 0.0757 0.0276 0.9967
vn -0.1296 -0.8184 0.5599
vn -0.2887 -0.8392 -0.4608
vn -0.4283 -0.7385 0.5207
vn -0.8806 -0.3712 0.2945
vn -0.4712 -0.7863 0.3996
vn -0.7984 -0.1357 0.5867
vn -0.8980 -0.3970 -0.1899
vn -0.3489 0.1336 0.9276
vn -0.9192 0.3889 0.0619
vn -0.2649 -0.9123 -0.3124
vn -0.3858 -0.3877 -0.8372
vn 0.0847 -0.7287 0.6796
vn 0.1979 -0.2003 -0.9595
vn 0.3602 -0.5896 0.7230
vn 0.3581 -0.8956 -0.2639
vn 0.6274 -0.7528 -0.1993
vn -0.0637 0.2532 0.9653
vn 0.4708 -0.0732 -0.8792
vn 0.0470 0.7696 -0.6368
vn -0.5091 0.8289 0.2319
vn -0.2203 0.9328 0.2854
vn -0.2357 0.6619 -0.7116
vn -0.7129 0.2629 -0.6501
vn 0.5418 0.1186 -0.8321
vn 0.4821 0.7575 -0.4402
vn 0.9761 0.1723 -0.1322
vn -0.0528 0.0211 -0.9984
vn 0.7033 -0.5253 -0.4790
vn 0.1611 -0.8322 -0.5305
vn 0.8051 -0.5303 0.2659
vn 0.7454 0.1086 0.6577
vn 0.2961 -0.8389 0.4568
vn -0.1440 -0.8667 -0.4777
vn -0.3532 -0.0326 -0.9350
vn -0.0121 -0.8731 0.4873
vn -0.4305 0.7950 -0.4274
vn 0.2170 0.0079 0.9761
vn -0.0894 -0.0455 0.9950
vn -0.2986 0.7885 0.5376
vn -0.1319 0.8678 -0.4790
vn 0.0030 0.8612 0.5082
vn 0.5839 0.7525 0.3047
vn -0.7086 0.0845 -0.7006
vn -0.3009 0.7127 -0.6336
vn 0.0620 0.0658 -0.9959
vn -0.9881 0.0599 -0.1420
vn -0.3667 -0.5848 -0.7235
vn -0.5350 -0.8271 -0.1724
vn 0.3827 -0.6259 -0.6795
vn 0.4583 -0.8815 -0.1141
vn -0.5421 -0.8287 0.1391
vn -0.9849 0.0383 0.1689
vn 0.4287 -0.8819 0.1961
vn -0.4569 0.8520 0.2555
vn 0.9985 -0.0489 -0.0255
vn 0.9568 -0.0681 0.2827
vn 0.7903 0.0024 -0.6127
vn 0.5140 0.7989 0.3124
vn 0.4485 0.6716 -0.5897
vn 0.5454 0.8381 0.0050
vn -0.4478 0.8925 -0.0533
vt 0.000000 0.000000
s 1
f 1/1/1 2/1/2 3/1/3
f 3/1/3 2/1/2 4/1/4
f 5/1/5 1/1/1 3/1/3
f 5/1/5 3/1/3 4/1/4
f 2/1/2 6/1/6 4/1/4
f 1/1/1 5/1/5 7/1/7
f 8/1/8 6/1/6 2/1/2
f 2/1/2 1/1/1 8/1/8
f 6/1/6 9/1/9 4/1/4
f 10/1/10 1/1/1 7/1/7
f 1/1/1 10/1/10 11/1/11
f 12/1/12 1/1/1 11/1/11
f 1/1/1 12/1/12 8/1/8
f 13/1/13 10/1/10 7/1/7
f 5/1/5 13/1/13 7/1/7
f 13/1/13 14/1/14 10/1/10
f 12/1/12 15/1/15 8/1/8
f 6/1/6 8/1/8 15/1/15
f 15/1/15 12/1/12 16/1/16
f 15/1/15 17/1/17 6/1/6
f 16/1/16 17/1/17 15/1/15
f 9/1/9 6/1/6 17/1/17
f 14/1/14 13/1/13 17/1/17
f 17/1/17 16/1/16 18/1/18
f 17/1/17 18/1/18 14/1/14
f 19/1/19 17/1/17 13/1/13
f 17/1/17 19/1/19 9/1/9
f 13/1/13 5/1/5 19/1/19
f 9/1/9 19/1/19 4/1/4
f 19/1/19 5/1/5 4/1/4
f 20/1/20 21/1/21 22/1/22
f 23/1/23 21/1/21 20/1/20
f 24/1/24 20/1/20 22/1/22
f 24/1/24 23/1/23 20/1/20
f 23/1/23 24/1/24 25/1/25
f 26/1/26 24/1/24 22/1/22
f 24/1/24 27/1/27 25/1/25
f 27/1/27 24/1/24 26/1/26
f 28/1/28 26/1/26 22/1/22
f 27/1/27 29/1/29 25/1/25
f 29/1/29 23/1/23 25/1/25
f 29/1/29 27/1/27 30/1/30
f 23/1/23 29/1/29 31/1/31
f 27/1/27 32/1/32 30/1/30
f 23/1/23 31/1/31 33/1/33
f 26/1/26 34/1/34 27/1/27
f 34/1/34 26/1/26 28/1/28
f 32/1/32 27/1/27 34/1/34
f 23/1/23 33/1/33 35/1/35
f 21/1/21 23/1/23 35/1/35
f 35/1/35 33/1/33 36/1/36
f 32/1/32 37/1/37 36/1/36
f 36/1/36 37/1/37 35/1/35
f 37/1/37 32/1/32 34/1/34
f 35/1/35 38/1/38 21/1/21
f 38/1/38 35/1/35 37/1/37
f 34/1/34 38/1/38 37/1/37
f 38/1/38 34/1/34 28/1/28
f 21/1/21 38/1/38 22/1/22
f 38/1/38 28/1/28 22/1/22
f 39/1/39 40/1/40 41/1/41
f 42/1/42 40/1/40 39/1/39
f 43/1/43 39/1/39 41/1/41
f 43/1/43 42/1/42 39/1/39
f 42/1/42 43/1/43 44/1/44
f 45/1/45 43/1/43 41/1/41
f 46/1/46 45/1/45 41/1/41
f 43/1/43 47/1/47 44/1/44
f 47/1/47 43/1/43 45/1/45
f 48/1/48 44/1/44 47/1/47
f 48/1/48 42/1/42 44/1/44
f 42/1/42 48/1/48 49/1/49
f 48/1/48 47/1/47 50/1/50
f 42/1/42 49/1/49 51/1/51
f 45/1/45 52/1/52 47/1/47
f 52/1/52 50/1/50 47/1/47
f 52/1/52 45/1/45 46/1/46
f 52/1/52 53/1/53 50/1/50
f 52/1/52 54/1/54 53/1/53
f 42/1/42 51/1/51 55/1/55
f 55/1/55 51/1/51 54/1/54
f 40/1/40 42/1/42 55/1/55
f 54/1/54 52/1/52 56/1/56
f 55/1/55 54/1/54 56/1/56
f 56/1/56 52/1/52 57/1/57
f 57/1/57 55/1/55 56/1/56
f 52/1/52 46/1/46 57/1/57
f 55/1/55 57/1/57 40/1/40
f 57/1/57 46/1/46 41/1/41
f 40/1/40 57/1/57 41/1/41
f 58/1/58 59/1/59 60/1/60
f 61/1/61 59/1/59 58/1/58
f 62/1/62 58/1/58 60/1/60
f 62/1/62 61/1/61 58/1/58
f 61/1/61 62/1/62 63/1/63
f 64/1/64 62/1/62 60/1/60
f 65/1/65 64/1/64 60/1/60
f 62/1/62 66/1/66 63/1/63
f 66/1/66 62/1/62 64/1/64
f 67/1/67 63/1/63 66/1/66
f 67/1/67 61/1/61 63/1/63
f 61/1/61 67/1/67 68/1/68
f 67/1/67 66/1/66 69/1/69
f 70/1/70 61/1/61 68/1/68
f 64/1/64 71/1/71 66/1/66
f 71/1/71 69/1/69 66/1/66
f 71/1/71 64/1/64 65/1/65
f 69/1/69 71/1/71 72/1/72
f 71/1/71 73/1/73 72/1/72
f 61/1/61 70/1/70 74/1/74
f 59/1/59 61/1/61 74/1/74
f 75/1/75 70/1/70 73/1/73
f 73/1/73 71/1/71 75/1/75
f 70/1/70 75/1/75 74/1/74
f 71/1/71 76/1/76 75/1/75
f 76/1/76 74/1/74 75/1/75
f 74/1/74 76/1/76 59/1/59
f 76/1/76 71/1/71 65/1/65
f 59/1/59 76/1/76 60/1/60
f 76/1/76 65/1/65 60/1/60
f 77/1/77 78/1/78 79/1/79
f 80/1/80 78/1/78 77/1/77
f 78/1/78 81/1/81 79/1/79
f 80/1/80 81/1/81 78/1/78
f 82/1/82 77/1/77 79/1/79
f 83/1/83 82/1/82 79/1/79
f 82/1/82 84/1/84 77/1/77
f 84/1/84 80/1/80 77/1/77
f 85/1/85 82/1/82 83/1/83
f 86/1/86 80/1/80 84/1/84
f 84/1/84 82/1/82 87/1/87
f 87/1/87 86/1/86 84/1/84
f 82/1/82 85/1/85 87/1/87
f 86/1/86 87/1/87 88/1/88
f 88/1/88 87/1/87 85/1/85
f 80/1/80 86/1/86 89/1/89
f 85/1/85 90/1/90 88/1/88
f 85/1/85 91/1/91 90/1/90
f 89/1/89 92/1/92 80/1/80
f 81/1/81 80/1/80 92/1/92
f 92/1/92 89/1/89 93/1/93
f 94/1/94 93/1/93 91/1/91
f 93/1/93 94/1/94 92/1/92
f 91/1/91 85/1/85 94/1/94
f 92/1/92 95/1/95 81/1/81
f 95/1/95 92/1/92 94/1/94
f 94/1/94 85/1/85 95/1/95
f 85/1/85 83/1/83 95/1/95
f 81/1/81 95/1/95 79/1/79
f 95/1/95 83/1/83 79/1/79
f 96/1/96 97/1/97 98/1/98
f 99/1/99 97/1/97 96/1/96
f 100/1/100 96/1/96 98/1/98
f 100/1/100 99/1/99 96/1/96
f 99/1/99 100/1/100 101/1/101
f 102/1/102 100/1/100 98/1/98
f 103/1/103 102/1/102 98/1/98
f 100/1/100 104/1/104 101/1/101
f 104/1/104 100/1/100 102/1/102
f 104/1/104 105/1/105 101/1/101
f 105/1/105 99/1/99 101/1/101
f 99/1/99 105/1/105 106/1/106
f 104/1/104 107/1/107 105/1/105
f 99/1/99 106/1/106 108/1/108
f 102/1/102 109/1/109 104/1/104
f 107/1/107 104/1/104 109/1/109
f 109/1/109 102/1/102 103/1/103
f 107/1/107 109/1/109 110/1/110
f 109/1/109 111/1/111 110/1/110
f 99/1/99 108/1/108 112/1/112
f 112/1/112 108/1/108 111/1/111
f 97/1/97 99/1/99 112/1/112
f 111/1/111 109/1/109 113/1/113
f 112/1/112 111/1/111 113/1/113
f 109/1/109 114/1/114 113/1/113
f 114/1/114 112/1/112 113/1/113
f 114/1/114 109/1/109 103/1/103
f 112/1/112 114/1/114 97/1/97
f 114/1/114 103/1/103 98/1/98
f 97/1/97 114/1/114 98/1/98
f 115/1/115 116/1/116 117/1/117
f 118/1/118 116/1/116 115/1/115
f 119/1/119 115/1/115 117/1/117
f 119/1/119 118/1/118 115/1/115
f 119/1/119 120/1/120 118/1/118
f 121/1/121 119/1/119 117/1/117
f 119/1/119 122/1/122 120/1/120
f 122/1/122 119/1/119 121/1/121
f 123/1/123 120/1/120 122/1/122
f 123/1/123 118/1/118 120/1/120
f 118/1/118 123/1/123 124/1/124
f 122/1/122 125/1/125 123/1/123
f 118/1/118 124/1/124 126/1/126
f 125/1/125 122/1/122 127/1/127
f 121/1/121 127/1/127 122/1/122
f 125/1/125 127/1/127 128/1/128
f 129/1/129 121/1/121 117/1/117
f 127/1/127 121/1/121 129/1/129
f 127/1/127 130/1/130 128/1/128
f 131/1/131 129/1/129 117/1/117
f 131/1/131 127/1/127 129/1/129
f 116/1/116 131/1/131 117/1/117
f 130/1/130 127/1/127 132/1/132
f 127/1/127 131/1/131 132/1/132
f 133/1/133 131/1/131 116/1/116
f 131/1/131 133/1/133 132/1/132
f 116/1/116 118/1/118 133/1/133
f 133/1/133 130/1/130 132/1/132
f 118/1/118 126/1/126 133/1/133
f 130/1/130 133/1/133 126/1/126
o RenderMesh_80541967794208
v -0.301463 -0.089134 -0.241129
v -0.284693 -0.075117 -0.255875
v -0.294291 -0.086833 -0.254358
v -0.282269 -0.065700 -0.244164
v -0.299037 -0.079717 -0.229418
v -0.289440 -0.067999 -0.230936
v -0.277057 -0.064781 -0.243434
v -0.289440 -0.067999 -0.230936
v -0.286077 -0.067674 -0.226800
v -0.299037 -0.079717 -0.229418
v -0.282269 -0.065700 -0.244164
v -0.298146 -0.082407 -0.224893
v -0.280107 -0.076622 -0.258159
v -0.301463 -0.089134 -0.241129
v -0.284693 -0.075117 -0.255875
v -0.301196 -0.094249 -0.239620
v -0.294291 -0.086833 -0.254358
v -0.292177 -0.091357 -0.256252
v 0.215307 -0.812211 -0.250659
v 0.284163 -0.799432 -0.176963
v 0.263464 -0.798113 -0.170652
v 0.295647 -0.781137 -0.180515
v 0.292751 -0.799814 -0.054494
v 0.279277 -0.815492 -0.061293
v 0.257960 -0.812167 -0.061598
v 0.266794 -0.963262 0.138063
v 0.287390 -0.966589 0.144422
v 0.295755 -0.954788 0.160896
v 0.224894 -1.050173 0.242847
v 0.239874 -1.049967 0.258982
v 0.242846 -1.031641 0.270740
v 0.073189 -1.041271 0.292093
v 0.064833 -1.058424 0.281218
v 0.063439 -1.057723 0.259363
v -0.071916 -0.979069 0.273732
v -0.069356 -0.975202 0.294570
v -0.058213 -0.958130 0.300872
v -0.156291 -0.889306 0.257591
v -0.154972 -0.882519 0.278064
v -0.142121 -0.865628 0.283208
v -0.231866 -0.864378 0.248808
v -0.241439 -0.831783 0.264899
v -0.243548 -0.853392 0.263459
v -0.281918 -0.846377 0.186418
v -0.301342 -0.837397 0.190199
v -0.303998 -0.815931 0.187570
v -0.297683 -0.826126 -0.037166
v -0.278102 -0.835621 -0.036411
v -0.299220 -0.804413 -0.038960
v -0.288159 -0.821894 -0.066476
v -0.278980 -0.826380 -0.066133
v -0.288859 -0.811727 -0.067285
v -0.232370 -0.845121 0.284634
v -0.247130 -0.863510 0.272838
v -0.234329 -0.859497 0.280033
v -0.257971 -0.853146 0.270245
v -0.243213 -0.834756 0.282041
v -0.256013 -0.838769 0.274847
v -0.241173 -0.830245 0.280042
v -0.232370 -0.845121 0.284634
v -0.227539 -0.843278 0.283302
v -0.230000 -0.861357 0.277517
v -0.243213 -0.834756 0.282041
v -0.234329 -0.859497 0.280033
v -0.257269 -0.835291 0.270995
v -0.246096 -0.866403 0.268470
v -0.256013 -0.838769 0.274847
v -0.247130 -0.863510 0.272838
v -0.259732 -0.853370 0.265208
v -0.257971 -0.853146 0.270245
v -0.022613 -0.786948 -0.311073
v -0.020621 -0.761877 -0.318986
v -0.005457 -0.763172 -0.319272
v -0.029199 -0.773766 -0.314889
v -0.007449 -0.788242 -0.311357
v 0.001129 -0.776353 -0.315457
v -0.020621 -0.761877 -0.318986
v -0.032947 -0.772352 -0.311355
v -0.022161 -0.757403 -0.316509
v -0.029199 -0.773766 -0.314889
v -0.005457 -0.763172 -0.319272
v -0.022613 -0.786948 -0.311073
v -0.003092 -0.759031 -0.316867
v -0.024665 -0.788929 -0.306558
v 0.005191 -0.775608 -0.312069
v -0.005596 -0.790556 -0.306916
v 0.001129 -0.776353 -0.315457
v -0.007449 -0.788242 -0.311357
v -0.075882 -0.213889 0.292973
v -0.073590 -0.190779 0.280494
v -0.088681 -0.190335 0.278544
v -0.067191 -0.202555 0.287710
v -0.090971 -0.213446 0.291023
v -0.097371 -0.201669 0.283808
v -0.090971 -0.213446 0.291023
v -0.097371 -0.201669 0.283808
v -0.100899 -0.203299 0.280144
v -0.088681 -0.190335 0.278544
v -0.092853 -0.218108 0.289217
v -0.089972 -0.189045 0.273523
v -0.075882 -0.213889 0.292973
v -0.073590 -0.190779 0.280494
v -0.073878 -0.218664 0.291672
v -0.070994 -0.189602 0.275977
v -0.062949 -0.204412 0.285051
v -0.067191 -0.202555 0.287710
v 0.260954 -0.378709 -0.288316
v 0.282640 -0.392550 -0.282555
v 0.267848 -0.392099 -0.286119
v 0.290537 -0.379607 -0.281188
v 0.268850 -0.365766 -0.286950
v 0.283641 -0.366217 -0.283386
v 0.266228 -0.362176 -0.283991
v 0.260954 -0.378709 -0.288316
v 0.256298 -0.378450 -0.285708
v 0.264970 -0.395289 -0.282945
v 0.268850 -0.365766 -0.286950
v 0.267848 -0.392099 -0.286119
v 0.283641 -0.366217 -0.283386
v 0.283571 -0.395855 -0.278464
v 0.284830 -0.362741 -0.279509
v 0.282640 -0.392550 -0.282555
v 0.293502 -0.379580 -0.276747
v 0.290537 -0.379607 -0.281188
v -0.252672 -0.455023 0.296517
v -0.265372 -0.436200 0.283115
v -0.265122 -0.450129 0.289249
v -0.240476 -0.445985 0.297650
v -0.253177 -0.427163 0.284247
v -0.240729 -0.432056 0.291516
v -0.240476 -0.445985 0.297650
v -0.236300 -0.431077 0.288695
v -0.240729 -0.432056 0.291516
v -0.235984 -0.448592 0.296407
v -0.251953 -0.424924 0.279556
v -0.251321 -0.459957 0.294983
v -0.253177 -0.427163 0.284247
v -0.252672 -0.455023 0.296517
v -0.265372 -0.436200 0.283115
v -0.266975 -0.453805 0.285844
v -0.267291 -0.436289 0.278132
v -0.265122 -0.450129 0.289249
v -0.126447 -0.197228 -0.305808
v -0.142953 -0.222666 -0.308517
v -0.149874 -0.209116 -0.308051
v -0.141621 -0.196396 -0.306697
v -0.119528 -0.210777 -0.306272
v -0.127780 -0.223496 -0.307626
v 0.084525 -0.640024 0.334166
v 0.067161 -0.661692 0.321685
v 0.082225 -0.663638 0.322667
v 0.090908 -0.652805 0.328908
v 0.069461 -0.638079 0.333186
v 0.060777 -0.648913 0.326945
v -0.143627 -0.193147 -0.302964
v -0.149874 -0.209116 -0.308051
v -0.154005 -0.209141 -0.304667
v -0.141621 -0.196396 -0.306697
v -0.142953 -0.222666 -0.308517
v -0.126447 -0.197228 -0.305808
v -0.145303 -0.226179 -0.305251
v -0.124548 -0.194191 -0.301846
v -0.126224 -0.227224 -0.304132
v -0.115845 -0.211231 -0.302430
v -0.127780 -0.223496 -0.307626
v -0.119528 -0.210777 -0.306272
v 0.084282 -0.665383 0.318057
v 0.095199 -0.651759 0.325905
v 0.090908 -0.652805 0.328908
v 0.082225 -0.663638 0.322667
v 0.084525 -0.640024 0.334166
v 0.067161 -0.661692 0.321685
v 0.087172 -0.635690 0.332517
v 0.065336 -0.662937 0.316822
v 0.068228 -0.633243 0.331283
v 0.057312 -0.646866 0.323435
v 0.069461 -0.638079 0.333186
v 0.060777 -0.648913 0.326945
v -0.331452 -0.309813 -0.005498
v -0.339006 -0.313048 -0.030550
v -0.335597 -0.318956 -0.016942
v -0.330717 -0.294764 -0.007662
v -0.338270 -0.297999 -0.032715
v -0.334126 -0.288857 -0.021270
v -0.330717 -0.294764 -0.007662
v -0.330465 -0.285295 -0.022834
v -0.334126 -0.288857 -0.021270
v -0.338270 -0.297999 -0.032715
v -0.326178 -0.292725 -0.005721
v -0.335676 -0.296792 -0.037225
v -0.327103 -0.311650 -0.003000
v -0.339006 -0.313048 -0.030550
v -0.331452 -0.309813 -0.005498
v -0.336601 -0.315716 -0.034503
v -0.335597 -0.318956 -0.016942
v -0.332316 -0.323145 -0.017391
v -0.325252 -0.559049 -0.193847
v -0.333800 -0.583953 -0.192508
v -0.335932 -0.582415 -0.177515
v -0.328460 -0.572270 -0.200674
v -0.327384 -0.557512 -0.178853
v -0.332724 -0.569194 -0.170688
v -0.333800 -0.583953 -0.192508
v -0.328460 -0.572270 -0.200674
v -0.324518 -0.573798 -0.203936
v -0.325252 -0.559049 -0.193847
v -0.331234 -0.588491 -0.193667
v -0.320482 -0.557173 -0.195351
v -0.335932 -0.582415 -0.177515
v -0.323163 -0.555239 -0.176497
v -0.333913 -0.586556 -0.174814
v -0.327384 -0.557512 -0.178853
v -0.329879 -0.569931 -0.166229
v -0.332724 -0.569194 -0.170688
v -0.276302 -0.695154 0.103685
v -0.287101 -0.679433 0.121886
v -0.289549 -0.668812 0.111261
v -0.280478 -0.692604 0.118098
v -0.278748 -0.684533 0.093058
v -0.285372 -0.671361 0.096846
v -0.287101 -0.679433 0.121886
v -0.280478 -0.692604 0.118098
v -0.276589 -0.693899 0.121524
v -0.284920 -0.677335 0.126287
v -0.271337 -0.697105 0.103398
v -0.289549 -0.668812 0.111261
v -0.276302 -0.695154 0.103685
v -0.287998 -0.663979 0.112925
v -0.278748 -0.684533 0.093058
v -0.282745 -0.667186 0.094799
v -0.274415 -0.683750 0.090036
v -0.285372 -0.671361 0.096846
v 0.291993 -0.313175 -0.099223
v 0.297734 -0.327283 -0.077701
v 0.294259 -0.326648 -0.092508
v 0.298940 -0.314446 -0.069609
v 0.293200 -0.300341 -0.091131
v 0.296674 -0.300974 -0.076324
v 0.293200 -0.300341 -0.091131
v 0.291993 -0.313175 -0.099223
v 0.287569 -0.313197 -0.102216
v 0.294259 -0.326648 -0.092508
v 0.289087 -0.297057 -0.092040
v 0.290419 -0.330138 -0.093772
v 0.296674 -0.300974 -0.076324
v 0.297734 -0.327283 -0.077701
v 0.293455 -0.297854 -0.073420
v 0.294787 -0.330936 -0.075152
v 0.298940 -0.314446 -0.069609
v 0.296305 -0.314795 -0.064977
v 0.295959 -0.546838 -0.005788
v 0.291067 -0.565365 -0.023898
v 0.296341 -0.536252 -0.016721
v 0.293325 -0.561395 -0.009377
v 0.291447 -0.554780 -0.034831
v 0.294084 -0.540225 -0.031242
v -0.299388 -0.347507 0.120924
v -0.289573 -0.360413 0.141716
v -0.294316 -0.347460 0.135277
v -0.299714 -0.360507 0.113010
v -0.289900 -0.373411 0.133801
v -0.294971 -0.373459 0.119449
v 0.291447 -0.554780 -0.034831
v 0.291067 -0.565365 -0.023898
v 0.286826 -0.568568 -0.024417
v 0.293325 -0.561395 -0.009377
v 0.287303 -0.555257 -0.038164
v 0.289662 -0.563574 -0.006157
v 0.294084 -0.540225 -0.031242
v 0.295959 -0.546838 -0.005788
v 0.290618 -0.536952 -0.033653
v 0.292978 -0.545271 -0.001645
v 0.296341 -0.536252 -0.016721
v 0.293455 -0.531960 -0.015393
v -0.299714 -0.360507 0.113010
v -0.291688 -0.376165 0.116220
v -0.294971 -0.373459 0.119449
v -0.289900 -0.373411 0.133801
v -0.297654 -0.359877 0.108123
v -0.285311 -0.376105 0.134268
v -0.297242 -0.343532 0.118075
v -0.284901 -0.359761 0.144220
v -0.299388 -0.347507 0.120924
v -0.289573 -0.360413 0.141716
v -0.290865 -0.343473 0.136123
v -0.294316 -0.347460 0.135277
v 0.315533 -0.579967 0.166341
v 0.311945 -0.553848 0.166615
v 0.316827 -0.579949 0.181508
v 0.313092 -0.566917 0.158894
v 0.313241 -0.553830 0.181782
v 0.315679 -0.566878 0.189228
v 0.311945 -0.553848 0.166615
v 0.313092 -0.566917 0.158894
v 0.309179 -0.567416 0.155295
v 0.315533 -0.579967 0.166341
v 0.307737 -0.550982 0.165003
v 0.312246 -0.583828 0.164659
v 0.309364 -0.550959 0.184077
v 0.316827 -0.579949 0.181508
v 0.313241 -0.553830 0.181782
v 0.313875 -0.583803 0.183731
v 0.315679 -0.566878 0.189228
v 0.312432 -0.567369 0.193439
v 0.203742 -0.189079 0.325969
v 0.211198 -0.164008 0.329286
v 0.200169 -0.174421 0.327991
v 0.218342 -0.193324 0.325242
v 0.225798 -0.168253 0.328559
v 0.229370 -0.182911 0.326536
v 0.229370 -0.182911 0.326536
v 0.218342 -0.193324 0.325242
v 0.219225 -0.196612 0.321127
v 0.203742 -0.189079 0.325969
v 0.233092 -0.183517 0.322755
v 0.200865 -0.191273 0.322042
v 0.225798 -0.168253 0.328559
v 0.196373 -0.172841 0.324584
v 0.228600 -0.165085 0.325297
v 0.200169 -0.174421 0.327991
v 0.211198 -0.164008 0.329286
v 0.210240 -0.159746 0.326212
v 0.091818 -0.249226 -0.308334
v 0.192601 -0.312789 -0.279873
v 0.094703 -0.255474 -0.327156
v -0.038563 -0.204748 -0.310606
v 0.087221 -0.274522 -0.334192
v -0.030711 -0.186673 -0.301355
v -0.028181 -0.185801 -0.279680
v -0.192394 -0.196903 -0.256661
v -0.203745 -0.194344 -0.275252
v -0.206003 -0.211340 -0.289000
v -0.272732 -0.227946 -0.186502
v -0.261250 -0.209648 -0.182958
v -0.240550 -0.210964 -0.176647
v -0.269836 -0.209216 -0.060481
v -0.256372 -0.193538 -0.067292
v -0.235056 -0.196851 -0.067603
v -0.243922 -0.045653 0.131989
v -0.264491 -0.042350 0.138366
v -0.272835 -0.054151 0.154842
v -0.202818 0.037855 0.232371
v -0.217497 0.041381 0.248482
v -0.220044 0.026266 0.264281
v -0.050857 -0.002239 0.285901
v -0.042294 0.014449 0.274950
v -0.041010 0.013718 0.253373
v 0.088081 -0.051398 0.321980
v 0.102188 -0.030315 0.294875
v 0.099693 -0.034377 0.315901
v 0.203285 -0.168069 0.316221
v 0.221182 -0.156396 0.311237
v 0.224716 -0.150363 0.290448
v 0.284668 -0.332187 0.241530
v 0.284955 -0.344212 0.259794
v 0.266182 -0.348522 0.270231
v 0.283968 -0.444065 0.165812
v 0.268012 -0.449579 0.179145
v 0.279760 -0.432416 0.148314
v 0.269936 -0.540795 0.047586
v 0.283130 -0.534235 0.031212
v 0.274988 -0.522872 0.014319
v 0.269181 -0.582031 -0.082491
v 0.282569 -0.566824 -0.086278
v 0.274655 -0.548390 -0.086980
v 0.267953 -0.578116 -0.194586
v 0.279380 -0.564357 -0.199315
v 0.272784 -0.547208 -0.201505
v 0.259133 -0.570540 -0.230054
v 0.260545 -0.561539 -0.232078
v 0.262464 -0.566542 -0.231437
v 0.017445 -0.533053 -0.315341
v 0.018695 -0.511814 -0.299767
v 0.033861 -0.513031 -0.299325
v 0.010487 -0.521827 -0.307775
v 0.032612 -0.534269 -0.314897
v 0.040819 -0.524258 -0.306891
v 0.018695 -0.511814 -0.299767
v 0.006326 -0.523643 -0.304964
v 0.016647 -0.511055 -0.294894
v 0.010487 -0.521827 -0.307775
v 0.033861 -0.513031 -0.299325
v 0.017445 -0.533053 -0.315341
v 0.035720 -0.512584 -0.294338
v 0.015077 -0.537762 -0.314476
v 0.044470 -0.526701 -0.303851
v 0.034148 -0.539290 -0.313921
v 0.040819 -0.524258 -0.306891
v 0.032612 -0.534269 -0.314897
v 0.299619 -0.795788 -0.075441
v 0.304949 -0.808925 -0.053212
v 0.302888 -0.808823 -0.068293
v 0.298411 -0.782853 -0.067507
v 0.303742 -0.795990 -0.045278
v 0.300472 -0.782953 -0.052426
v 0.298411 -0.782853 -0.067507
v 0.299619 -0.795788 -0.075441
v 0.295548 -0.796386 -0.078845
v 0.302888 -0.808823 -0.068293
v 0.294027 -0.780122 -0.068868
v 0.299658 -0.812779 -0.069856
v 0.300472 -0.782953 -0.052426
v 0.304949 -0.808925 -0.053212
v 0.296620 -0.780249 -0.049903
v 0.302250 -0.812905 -0.050891
v 0.303742 -0.795990 -0.045278
v 0.300729 -0.796642 -0.040914
v 0.184200 -0.151364 0.248369
v 0.007406 -0.168651 0.235990
v 0.007736 -0.157664 0.254865
v -0.170171 -0.235357 0.254772
v -0.170560 -0.246277 0.236063
v -0.229277 -0.250236 0.231653
v 0.007395 -0.168623 0.273780
v -0.170455 -0.246140 0.273715
v -0.244444 -0.259805 0.264356
v 0.184220 -0.140395 0.267233
v 0.183947 -0.151337 0.286176
v 0.280836 -0.179719 0.243129
v -0.241870 -0.245386 0.248529
v -0.275875 -0.305073 0.212075
v 0.266906 -0.168606 0.230186
v 0.253010 -0.179711 0.217238
v 0.294408 -0.218926 0.061717
v 0.275584 -0.208569 0.057627
v 0.256640 -0.218137 0.062646
v 0.285806 -0.302616 -0.058894
v 0.248221 -0.301625 -0.058039
v 0.267165 -0.292319 -0.062988
v 0.276990 -0.329642 -0.179307
v 0.239232 -0.328629 -0.178460
v 0.258273 -0.319240 -0.183515
v 0.256941 -0.346710 -0.209883
v 0.263672 -0.350463 -0.208386
v 0.250093 -0.350099 -0.208082
v -0.274999 -0.287444 0.199091
v -0.286123 -0.380222 0.091868
v -0.256345 -0.282321 0.189049
v -0.285311 -0.362616 0.079028
v -0.284001 -0.445970 -0.042254
v -0.266069 -0.354671 0.072677
v -0.282425 -0.429652 -0.056595
v -0.262944 -0.424340 -0.064942
v -0.320688 -0.581907 -0.188966
v -0.317587 -0.595778 -0.173100
v -0.304771 -0.569067 -0.194967
v -0.265854 -0.645529 -0.234180
v -0.258958 -0.616424 -0.255514
v -0.271344 -0.632527 -0.250323
v -0.177718 -0.684047 -0.290110
v -0.169048 -0.664366 -0.294168
v -0.169634 -0.696338 -0.273808
v 0.062142 -0.804833 -0.304491
v 0.054044 -0.822822 -0.294883
v 0.051002 -0.823073 -0.273208
v 0.226659 -0.814779 -0.269249
v 0.228917 -0.797792 -0.283006
v 0.145895 -0.698854 0.301587
v 0.150853 -0.693697 0.296721
v 0.149662 -0.695489 0.300877
v 0.142864 -0.701080 0.297096
v 0.149270 -0.694767 0.292371
v 0.145134 -0.698863 0.291290
v 0.262464 -0.566542 -0.231437
v 0.253907 -0.569557 -0.229310
v 0.260545 -0.561539 -0.232078
v 0.259133 -0.570540 -0.230054
v 0.251979 -0.564582 -0.229941
v 0.255288 -0.560563 -0.231327
v 0.294029 -0.782851 0.146529
v 0.303367 -0.801430 0.130321
v 0.298564 -0.787176 0.132657
v 0.303637 -0.811358 0.141857
v 0.294299 -0.792778 0.158066
v 0.299103 -0.807031 0.155729
v 0.294299 -0.792778 0.158066
v 0.294029 -0.782851 0.146529
v 0.289400 -0.780194 0.146338
v 0.298564 -0.787176 0.132657
v 0.289739 -0.792677 0.160845
v 0.295102 -0.785635 0.128894
v 0.299103 -0.807031 0.155729
v 0.303367 -0.801430 0.130321
v 0.295781 -0.810601 0.157907
v 0.301143 -0.803557 0.125956
v 0.303637 -0.811358 0.141857
v 0.301483 -0.816041 0.140463
v 0.179920 -1.027713 0.293174
v 0.158093 -1.040406 0.300766
v 0.172918 -1.040579 0.297310
v 0.172099 -1.014670 0.292496
v 0.150273 -1.027363 0.300085
v 0.157276 -1.014497 0.295951
v 0.172099 -1.014670 0.292496
v 0.179920 -1.027713 0.293174
v 0.182920 -1.028428 0.288814
v 0.172918 -1.040579 0.297310
v 0.173085 -1.012028 0.287959
v 0.174115 -1.044609 0.294015
v 0.157276 -1.014497 0.295951
v 0.158093 -1.040406 0.300766
v 0.154445 -1.011810 0.292304
v 0.155473 -1.044390 0.298360
v 0.150273 -1.027363 0.300085
v 0.145639 -1.027991 0.297504
v -0.246063 -0.555882 -0.184590
v -0.260342 -0.676381 0.051760
v -0.264928 -0.565471 -0.189410
v -0.283827 -0.555232 -0.185104
v -0.190618 -0.523433 -0.268557
v -0.209658 -0.511887 -0.299054
v -0.200369 -0.527998 -0.287429
v -0.050011 -0.505321 -0.306410
v -0.048198 -0.520745 -0.291069
v -0.041078 -0.515722 -0.271306
v 0.181097 -0.629982 -0.289812
v 0.174832 -0.645272 -0.275397
v 0.171972 -0.639913 -0.254436
v 0.254910 -0.669065 -0.197073
v 0.273212 -0.659813 -0.203903
v 0.240394 -0.657446 -0.186539
v 0.288930 -0.694561 -0.069552
v 0.267927 -0.698367 -0.071135
v 0.253812 -0.683528 -0.065184
v 0.274135 -0.762116 0.040334
v 0.241531 -0.746643 0.051229
v 0.252394 -0.761956 0.040208
v 0.243131 -0.823629 0.149077
v 0.257388 -0.837156 0.141141
v 0.278177 -0.833778 0.144315
v 0.220811 -0.872998 0.235021
v 0.233300 -0.890609 0.237490
v 0.253087 -0.888704 0.246875
v 0.192033 -0.894287 0.287862
v 0.186546 -0.895692 0.266720
v 0.183918 -0.877659 0.255036
v 0.113899 -0.883202 0.285616
v 0.116446 -0.886973 0.264268
v 0.122830 -0.870852 0.251076
v -0.018184 -0.838487 0.273169
v -0.009131 -0.820665 0.241112
v -0.016992 -0.838233 0.251383
v -0.045941 -0.812135 0.257725
v -0.046304 -0.812214 0.264256
v -0.043588 -0.806864 0.254648
v -0.254357 -0.040061 0.203131
v -0.263697 -0.021490 0.186915
v -0.258892 -0.035742 0.189258
v -0.263966 -0.011557 0.198447
v -0.254627 -0.030128 0.214664
v -0.259432 -0.015876 0.212319
v -0.011029 -0.131188 -0.300603
v -0.006611 -0.106862 -0.309761
v 0.003811 -0.132753 -0.297601
v -0.016241 -0.118242 -0.306682
v 0.008230 -0.108427 -0.306759
v 0.013441 -0.121371 -0.300679
v -0.254627 -0.030128 0.214664
v -0.249729 -0.042718 0.202942
v -0.250068 -0.030229 0.217442
v -0.254357 -0.040061 0.203131
v -0.259432 -0.015876 0.212319
v -0.258892 -0.035742 0.189258
v -0.256109 -0.012305 0.214496
v -0.255429 -0.037286 0.185494
v -0.263966 -0.011557 0.198447
v -0.263697 -0.021490 0.186915
v -0.261811 -0.006874 0.197050
v -0.261472 -0.019365 0.182549
v -0.006611 -0.106862 -0.309761
v -0.020593 -0.116491 -0.304129
v -0.008484 -0.102179 -0.308000
v 0.010179 -0.104147 -0.304225
v -0.016241 -0.118242 -0.306682
v 0.008230 -0.108427 -0.306759
v -0.014040 -0.132769 -0.296484
v 0.016732 -0.120426 -0.296580
v -0.011029 -0.131188 -0.300603
v 0.013441 -0.121371 -0.300679
v 0.004623 -0.134738 -0.292709
v 0.003811 -0.132753 -0.297601
v 0.256707 -0.360933 -0.203318
v 0.263672 -0.350463 -0.208386
v 0.263537 -0.357571 -0.205104
v 0.256941 -0.346710 -0.209883
v 0.249994 -0.357209 -0.204799
v 0.250093 -0.350099 -0.208082
v -0.278980 -0.826380 -0.066133
v -0.271172 -0.810529 -0.067407
v -0.270490 -0.820706 -0.066598
v -0.280365 -0.806033 -0.067751
v -0.288159 -0.821894 -0.066476
v -0.288859 -0.811727 -0.067285
v 0.017220 -0.727396 0.249155
v -0.159266 -0.744658 0.258141
v -0.159237 -0.733671 0.239275
v 0.017578 -0.716421 0.230270
v 0.195126 -0.649700 0.249017
v 0.195515 -0.638794 0.230300
v 0.017535 -0.716422 0.268059
v -0.159011 -0.733715 0.277092
v -0.251939 -0.705412 0.247320
v 0.195409 -0.638906 0.267952
v 0.254232 -0.634833 0.225885
v 0.269398 -0.625248 0.258583
v -0.241931 -0.716451 0.231132
v -0.279175 -0.666054 0.055827
v -0.231986 -0.705371 0.215056
v 0.266825 -0.639675 0.242762
v 0.300837 -0.580022 0.206273
v -0.241432 -0.666873 0.056915
v 0.299949 -0.597651 0.193300
v 0.311106 -0.505010 0.086108
v 0.281300 -0.602773 0.183270
v 0.310220 -0.522556 0.073075
v 0.308110 -0.489960 -0.047970
v 0.291036 -0.530397 0.066695
v 0.306553 -0.506110 -0.062647
v 0.340472 -0.413302 -0.178894
v 0.287076 -0.511330 -0.071156
v 0.343606 -0.427062 -0.194903
v 0.327690 -0.439869 -0.201017
v 0.288748 -0.363568 -0.240083
v 0.281876 -0.392692 -0.261426
v 0.294260 -0.376560 -0.256229
v 0.200039 -0.324683 -0.296196
v 0.191466 -0.344136 -0.300393
v -0.038810 -0.524717 0.309249
v 0.133483 -0.668454 0.312128
v -0.028251 -0.515613 0.292225
v 0.137315 -0.662769 0.298482
v 0.150853 -0.693697 0.296721
v 0.149662 -0.695489 0.300877
v 0.145895 -0.698854 0.301587
v 0.121032 -0.679121 0.314923
v -0.159802 -0.456311 0.294609
v -0.056970 -0.536545 0.305620
v -0.167448 -0.469184 0.310254
v -0.173598 -0.489430 0.305462
v -0.258208 -0.428591 0.250365
v -0.280897 -0.456847 0.261430
v -0.274689 -0.435857 0.262831
v -0.324264 -0.408850 0.122699
v -0.308165 -0.394483 0.126389
v -0.290515 -0.394476 0.113549
v -0.319657 -0.329098 -0.001216
v -0.305316 -0.317365 0.010167
v -0.284985 -0.324628 0.012875
v -0.290558 -0.180570 -0.122848
v -0.311748 -0.183029 -0.127109
v -0.318120 -0.195598 -0.143807
v -0.261739 -0.085015 -0.214170
v -0.279567 -0.078436 -0.225246
v -0.285206 -0.088861 -0.243811
v -0.161376 -0.028636 -0.261994
v -0.163466 -0.044625 -0.246846
v -0.157263 -0.034279 -0.283045
v 0.002306 -0.103641 -0.250838
v 0.010230 -0.091302 -0.266293
v 0.011731 -0.098273 -0.287030
v 0.051131 -0.181594 -0.259680
v 0.035793 -0.189193 -0.246544
v 0.050239 -0.179909 -0.280122
v 0.048325 -0.257321 -0.258350
v 0.030081 -0.256486 -0.245085
v 0.046399 -0.261343 -0.280832
v 0.055029 -0.374791 -0.243775
v 0.072101 -0.374313 -0.277399
v 0.072935 -0.377549 -0.256117
v 0.055848 -0.408631 -0.270974
v 0.056107 -0.409642 -0.264330
v 0.050517 -0.408781 -0.260475
v -0.185564 -0.232710 -0.265323
v -0.041865 -0.221124 -0.276858
v -0.183510 -0.215980 -0.252009
v -0.192394 -0.196903 -0.256661
v -0.240550 -0.210964 -0.176647
v -0.242252 -0.248385 -0.177289
v -0.231187 -0.230048 -0.173821
v -0.235056 -0.196851 -0.067603
v -0.240052 -0.231771 -0.054274
v -0.226776 -0.215863 -0.061145
v -0.231732 -0.060533 0.141884
v -0.243922 -0.045653 0.131989
v -0.239862 -0.072256 0.158246
v -0.190306 0.019253 0.233061
v -0.202818 0.037855 0.232371
v -0.192143 0.005371 0.248687
v -0.041010 0.013718 0.253373
v -0.056064 -0.020726 0.253311
v -0.047856 -0.003472 0.242557
v 0.080930 -0.059493 0.287010
v 0.092697 -0.043192 0.280418
v 0.102188 -0.030315 0.294875
v 0.192952 -0.167395 0.279979
v 0.210423 -0.155968 0.274994
v 0.224716 -0.150363 0.290448
v 0.265756 -0.324719 0.233810
v 0.247269 -0.328979 0.244212
v 0.284668 -0.332187 0.241530
v 0.259829 -0.426282 0.144109
v 0.243919 -0.431683 0.157301
v 0.279760 -0.432416 0.148314
v 0.240717 -0.524437 0.029937
v 0.274988 -0.522872 0.014319
v 0.253970 -0.518035 0.013717
v 0.240136 -0.560056 -0.080123
v 0.253572 -0.545055 -0.083904
v 0.274655 -0.548390 -0.086980
v 0.243392 -0.557660 -0.194216
v 0.254761 -0.543872 -0.198952
v 0.272784 -0.547208 -0.201505
v 0.260545 -0.561539 -0.232078
v 0.255288 -0.560563 -0.231327
v 0.251979 -0.564582 -0.229941
v 0.206424 -0.793132 -0.246017
v 0.051002 -0.823073 -0.273208
v 0.215307 -0.812211 -0.250659
v 0.064043 -0.787794 -0.271027
v 0.208479 -0.776409 -0.259340
v 0.263464 -0.798113 -0.170652
v 0.265166 -0.760693 -0.171312
v 0.254102 -0.779028 -0.167836
v 0.257960 -0.812167 -0.061598
v 0.262980 -0.777245 -0.048287
v 0.249694 -0.793151 -0.055146
v 0.254642 -0.948350 0.147981
v 0.266794 -0.963262 0.138063
v 0.262821 -0.936643 0.164322
v 0.213285 -1.032247 0.238718
v 0.224894 -1.050173 0.242847
v 0.216198 -1.014467 0.249985
v 0.063439 -1.057723 0.259363
v 0.078645 -1.023214 0.259602
v 0.070380 -1.039996 0.248635
v -0.071916 -0.979069 0.273732
v -0.052344 -0.948989 0.265744
v -0.063361 -0.965882 0.259395
v -0.156291 -0.889306 0.257591
v -0.144878 -0.879486 0.242014
v -0.132002 -0.862560 0.246902
v -0.216252 -0.832804 0.237056
v -0.218341 -0.853970 0.235866
v -0.231866 -0.864378 0.248808
v -0.265549 -0.834101 0.180074
v -0.281918 -0.846377 0.186418
v -0.268059 -0.813059 0.177381
v -0.278102 -0.835621 -0.036411
v -0.260057 -0.823506 -0.037461
v -0.261531 -0.801846 -0.039252
v -0.271172 -0.810529 -0.067407
v -0.270490 -0.820706 -0.066598
v -0.278980 -0.826380 -0.066133
v 0.006716 -0.190455 0.273701
v 0.183677 -0.183950 0.267034
v 0.183640 -0.173253 0.286031
v 0.006371 -0.201269 0.254891
v -0.171167 -0.268021 0.273792
v -0.171513 -0.278965 0.254937
v -0.221882 -0.283198 0.246077
v -0.170455 -0.246140 0.273715
v 0.007395 -0.168623 0.273780
v 0.183947 -0.151337 0.286176
v 0.280836 -0.179719 0.243129
v 0.280536 -0.201705 0.242935
v 0.266452 -0.212315 0.229596
v 0.294408 -0.218926 0.061717
v 0.294077 -0.238804 0.070866
v 0.275104 -0.248110 0.075851
v 0.285806 -0.302616 -0.058894
v 0.266539 -0.331853 -0.044767
v 0.285580 -0.322405 -0.049777
v 0.257630 -0.358736 -0.165034
v 0.276641 -0.349386 -0.170063
v 0.256707 -0.360933 -0.203318
v 0.276990 -0.329642 -0.179307
v 0.263537 -0.357571 -0.205104
v 0.263672 -0.350463 -0.208386
v -0.157263 -0.034279 -0.283045
v 0.011731 -0.098273 -0.287030
v -0.154800 -0.055674 -0.288399
v -0.285206 -0.088861 -0.243811
v 0.005803 -0.117263 -0.292134
v 0.050239 -0.179909 -0.280122
v -0.272954 -0.105697 -0.250890
v -0.318120 -0.195598 -0.143807
v -0.156513 -0.070599 -0.273054
v -0.255205 -0.111661 -0.239550
v -0.001826 -0.129705 -0.276883
v -0.303130 -0.205658 -0.156183
v -0.319657 -0.329098 -0.001216
v -0.281937 -0.203078 -0.151788
v 0.034306 -0.185556 -0.286674
v 0.020142 -0.194931 -0.273011
v 0.046399 -0.261343 -0.280832
v 0.026643 -0.263287 -0.289452
v 0.009050 -0.262735 -0.275984
v 0.035394 -0.364758 -0.274835
v 0.053291 -0.368068 -0.286814
v 0.044387 -0.405648 -0.270175
v 0.072101 -0.374313 -0.277399
v 0.049974 -0.406682 -0.273914
v 0.055848 -0.408631 -0.270974
v -0.313623 -0.348204 -0.009941
v -0.293174 -0.355494 -0.007215
v -0.304600 -0.422976 0.093289
v -0.322439 -0.423194 0.106099
v -0.324264 -0.408850 0.122699
v -0.254093 -0.462639 0.235287
v -0.270499 -0.470319 0.247535
v -0.280897 -0.456847 0.261430
v -0.172053 -0.496571 0.285120
v -0.164439 -0.483719 0.269766
v -0.173598 -0.489430 0.305462
v -0.064482 -0.539196 0.285480
v -0.054154 -0.530400 0.268758
v -0.056970 -0.536545 0.305620
v 0.110487 -0.686127 0.300434
v 0.117533 -0.678844 0.281683
v 0.121032 -0.679121 0.314923
v 0.142864 -0.701080 0.297096
v 0.145134 -0.698863 0.291290
v 0.145895 -0.698854 0.301587
v -0.158723 -0.701099 0.257919
v 0.018212 -0.694600 0.267962
v 0.018585 -0.683790 0.249159
v 0.196122 -0.617029 0.268015
v 0.196468 -0.606093 0.249154
v 0.246837 -0.601864 0.240294
v 0.195409 -0.638906 0.267952
v 0.259320 -0.606175 0.257334
v 0.269398 -0.625248 0.258583
v 0.017535 -0.716422 0.268059
v 0.300837 -0.580022 0.206273
v 0.282954 -0.567717 0.209060
v 0.264489 -0.573004 0.198894
v -0.158705 -0.711791 0.276943
v -0.159011 -0.733715 0.277092
v -0.251939 -0.705412 0.247320
v 0.292594 -0.495378 0.092671
v 0.273339 -0.503396 0.086162
v 0.311106 -0.505010 0.086108
v 0.290462 -0.479092 -0.041759
v 0.271007 -0.484179 -0.050114
v 0.308110 -0.489960 -0.047970
v 0.321544 -0.412592 -0.169136
v 0.340472 -0.413302 -0.178894
v 0.306101 -0.425290 -0.175345
v 0.288748 -0.363568 -0.240083
v 0.271011 -0.366755 -0.229378
v 0.258854 -0.382650 -0.234641
v 0.192601 -0.312789 -0.279873
v 0.176837 -0.320694 -0.267416
v 0.167980 -0.340229 -0.271762
v 0.091818 -0.249226 -0.308334
v 0.074813 -0.280744 -0.303173
v 0.081643 -0.261801 -0.296626
v -0.028181 -0.185801 -0.279680
v -0.033782 -0.203089 -0.267323
v -0.257999 -0.317361 0.214859
v -0.234364 -0.278880 0.263115
v -0.275875 -0.305073 0.212075
v -0.244444 -0.259805 0.264356
v -0.239544 -0.312089 0.204700
v -0.267649 -0.389837 0.098318
v -0.286123 -0.380222 0.091868
v -0.248441 -0.381849 0.091927
v -0.266327 -0.456942 -0.036265
v -0.284001 -0.445970 -0.042254
v -0.246906 -0.451755 -0.044477
v -0.317587 -0.595778 -0.173100
v -0.298645 -0.596616 -0.163409
v -0.283102 -0.583729 -0.169592
v -0.265854 -0.645529 -0.234180
v -0.248107 -0.642343 -0.223448
v -0.235950 -0.626462 -0.228712
v -0.169634 -0.696338 -0.273808
v -0.153023 -0.689034 -0.261747
v -0.144435 -0.669611 -0.265714
v 0.056029 -0.805449 -0.261362
v 0.044387 -0.405648 -0.270175
v 0.050517 -0.408781 -0.260475
v 0.044560 -0.406652 -0.263415
v 0.056107 -0.409642 -0.264330
v 0.049974 -0.406682 -0.273914
v 0.055848 -0.408631 -0.270974
v 0.017578 -0.716421 0.230270
v -0.159237 -0.733671 0.239275
v -0.158977 -0.711978 0.239345
v -0.231986 -0.705371 0.215056
v 0.018273 -0.694605 0.230351
v 0.195515 -0.638794 0.230300
v -0.231976 -0.684112 0.214754
v -0.241432 -0.666873 0.056915
v 0.018585 -0.683790 0.249159
v -0.158723 -0.701099 0.257919
v -0.241622 -0.672756 0.230646
v -0.259843 -0.636918 0.070194
v -0.241265 -0.647218 0.066103
v -0.264292 -0.525919 -0.171148
v 0.196138 -0.617052 0.230262
v 0.196468 -0.606093 0.249154
v 0.246837 -0.601864 0.240294
v 0.244482 -0.615923 0.225065
v 0.254232 -0.634833 0.225885
v 0.264489 -0.573004 0.198894
v 0.281300 -0.602773 0.183270
v 0.263712 -0.590448 0.186052
v 0.273339 -0.503396 0.086162
v 0.272672 -0.520922 0.073168
v 0.291036 -0.530397 0.066695
v 0.271007 -0.484179 -0.050114
v 0.269262 -0.500313 -0.064852
v 0.287076 -0.511330 -0.071156
v 0.306101 -0.425290 -0.175345
v 0.308938 -0.438779 -0.191065
v 0.327690 -0.439869 -0.201017
v 0.258854 -0.382650 -0.234641
v 0.281876 -0.392692 -0.261426
v 0.264163 -0.395612 -0.250529
v 0.167980 -0.340229 -0.271762
v 0.191466 -0.344136 -0.300393
v 0.175213 -0.351743 -0.288385
v 0.074813 -0.280744 -0.303173
v 0.087221 -0.274522 -0.334192
v 0.077321 -0.287442 -0.322114
v -0.046304 -0.812214 0.264256
v -0.041965 -0.801767 0.264622
v -0.041603 -0.801682 0.258102
v -0.044314 -0.807027 0.267700
v -0.045941 -0.812135 0.257725
v -0.043588 -0.806864 0.254648
v -0.013377 -0.120344 -0.278093
v -0.014040 -0.132769 -0.296484
v 0.004623 -0.134738 -0.292709
v -0.020593 -0.116491 -0.304129
v -0.000555 -0.121696 -0.275501
v -0.017880 -0.109159 -0.283347
v 0.016732 -0.120426 -0.296580
v -0.009560 -0.099328 -0.286006
v 0.007765 -0.111864 -0.278158
v -0.008484 -0.102179 -0.308000
v 0.003263 -0.100678 -0.283412
v 0.010179 -0.104147 -0.304225
v -0.235544 -0.027408 0.185357
v -0.255429 -0.037286 0.185494
v -0.261472 -0.019365 0.182549
v -0.249729 -0.042718 0.202942
v -0.239695 -0.015093 0.183333
v -0.231626 -0.031139 0.197344
v -0.239929 -0.006511 0.193296
v -0.231860 -0.022558 0.207308
v -0.261811 -0.006874 0.197050
v -0.250068 -0.030229 0.217442
v -0.256109 -0.012305 0.214496
v -0.236012 -0.010243 0.205283
v 0.149270 -0.694767 0.292371
v 0.117533 -0.678844 0.281683
v 0.131426 -0.666101 0.284387
v 0.145134 -0.698863 0.291290
v 0.150853 -0.693697 0.296721
v 0.137315 -0.662769 0.298482
v -0.028251 -0.515613 0.292225
v -0.036070 -0.518625 0.271887
v -0.054154 -0.530400 0.268758
v -0.159802 -0.456311 0.294609
v -0.158322 -0.463702 0.274394
v -0.164439 -0.483719 0.269766
v -0.258208 -0.428591 0.250365
v -0.248162 -0.442095 0.236799
v -0.254093 -0.462639 0.235287
v -0.290515 -0.394476 0.113549
v -0.304600 -0.422976 0.093289
v -0.288750 -0.408560 0.097082
v -0.284985 -0.324628 0.012875
v -0.293174 -0.355494 -0.007215
v -0.278881 -0.343661 0.004218
v -0.275720 -0.190570 -0.135152
v -0.290558 -0.180570 -0.122848
v -0.281937 -0.203078 -0.151788
v -0.249876 -0.101324 -0.221601
v -0.261739 -0.085015 -0.214170
v -0.255205 -0.111661 -0.239550
v -0.161053 -0.065314 -0.253143
v -0.163466 -0.044625 -0.246846
v -0.156513 -0.070599 -0.273054
v 0.002306 -0.103641 -0.250838
v -0.003581 -0.122710 -0.256137
v -0.001826 -0.129705 -0.276883
v 0.035793 -0.189193 -0.246544
v 0.021025 -0.196670 -0.253881
v 0.020142 -0.194931 -0.273011
v 0.030081 -0.256486 -0.245085
v 0.010388 -0.259447 -0.253803
v 0.009050 -0.262735 -0.275984
v 0.035394 -0.364758 -0.274835
v 0.035950 -0.367977 -0.253185
v 0.044387 -0.405648 -0.270175
v 0.055029 -0.374791 -0.243775
v 0.044560 -0.406652 -0.263415
v 0.050517 -0.408781 -0.260475
v -0.251702 -0.683420 0.247140
v -0.241622 -0.672756 0.230646
v -0.278871 -0.646195 0.065085
v -0.259843 -0.636918 0.070194
v -0.279175 -0.666054 0.055827
v -0.264292 -0.525919 -0.171148
v -0.283499 -0.535304 -0.175913
v -0.283827 -0.555232 -0.185104
v -0.199036 -0.487144 -0.272300
v -0.209013 -0.491303 -0.291457
v -0.209658 -0.511887 -0.299054
v -0.050011 -0.505321 -0.306410
v -0.044646 -0.484579 -0.301621
v -0.037526 -0.479611 -0.281494
v 0.184394 -0.609355 -0.283027
v 0.181097 -0.629982 -0.289812
v 0.181373 -0.604337 -0.261900
v 0.276658 -0.638812 -0.200013
v 0.273212 -0.659813 -0.203903
v 0.261771 -0.627357 -0.189331
v 0.288930 -0.694561 -0.069552
v 0.295892 -0.675650 -0.061927
v 0.281634 -0.660633 -0.055920
v 0.274263 -0.731622 0.062541
v 0.285088 -0.746977 0.051485
v 0.274135 -0.762116 0.040334
v 0.270106 -0.803289 0.163411
v 0.278177 -0.833778 0.144315
v 0.284557 -0.816760 0.155509
v 0.247117 -0.851438 0.250897
v 0.260018 -0.868979 0.253675
v 0.253087 -0.888704 0.246875
v 0.194878 -0.874561 0.297011
v 0.192209 -0.856545 0.284881
v 0.192033 -0.894287 0.287862
v 0.117774 -0.863273 0.293664
v 0.124165 -0.847265 0.280379
v 0.113899 -0.883202 0.285616
v -0.003671 -0.803655 0.274360
v -0.018184 -0.838487 0.273169
v -0.011517 -0.821184 0.284644
v -0.041965 -0.801767 0.264622
v -0.046304 -0.812214 0.264256
v -0.044314 -0.807027 0.267700
v -0.245725 -0.536345 -0.175563
v -0.246063 -0.555882 -0.184590
v -0.199036 -0.487144 -0.272300
v -0.189945 -0.503486 -0.261142
v -0.190618 -0.523433 -0.268557
v -0.037526 -0.479611 -0.281494
v -0.041078 -0.515722 -0.271306
v -0.035736 -0.495283 -0.266391
v 0.181373 -0.604337 -0.261900
v 0.175229 -0.619645 -0.247902
v 0.171972 -0.639913 -0.254436
v 0.243731 -0.636900 -0.182678
v 0.240394 -0.657446 -0.186539
v 0.261771 -0.627357 -0.189331
v 0.253812 -0.683528 -0.065184
v 0.260550 -0.664642 -0.057573
v 0.281634 -0.660633 -0.055920
v 0.241531 -0.746643 0.051229
v 0.274263 -0.731622 0.062541
v 0.252453 -0.731454 0.062408
v 0.249479 -0.806768 0.160158
v 0.243131 -0.823629 0.149077
v 0.270106 -0.803289 0.163411
v 0.227595 -0.853789 0.241537
v 0.247117 -0.851438 0.250897
v 0.220811 -0.872998 0.235021
v 0.192209 -0.856545 0.284881
v 0.186718 -0.858327 0.263971
v 0.183918 -0.877659 0.255036
v 0.124165 -0.847265 0.280379
v 0.126672 -0.851049 0.259177
v 0.122830 -0.870852 0.251076
v -0.009131 -0.820665 0.241112
v -0.002478 -0.803391 0.252615
v -0.003671 -0.803655 0.274360
v -0.041603 -0.801682 0.258102
v -0.043588 -0.806864 0.254648
v -0.041965 -0.801767 0.264622
v -0.043964 -0.221753 -0.298424
v -0.041865 -0.221124 -0.276858
v -0.038563 -0.204748 -0.310606
v -0.185564 -0.232710 -0.265323
v -0.196834 -0.230645 -0.283958
v -0.206003 -0.211340 -0.289000
v -0.272732 -0.227946 -0.186502
v -0.263154 -0.247447 -0.183656
v -0.242252 -0.248385 -0.177289
v -0.269836 -0.209216 -0.060481
v -0.261688 -0.228473 -0.053926
v -0.240052 -0.231771 -0.054274
v -0.239862 -0.072256 0.158246
v -0.260404 -0.069142 0.164807
v -0.272835 -0.054151 0.154842
v -0.192143 0.005371 0.248687
v -0.207388 0.007982 0.264087
v -0.220044 0.026266 0.264281
v -0.050857 -0.002239 0.285901
v -0.057786 -0.019836 0.275514
v -0.056064 -0.020726 0.253311
v 0.080930 -0.059493 0.287010
v 0.078900 -0.063619 0.307277
v 0.088081 -0.051398 0.321980
v 0.189187 -0.173555 0.300320
v 0.192952 -0.167395 0.279979
v 0.203285 -0.168069 0.316221
v 0.247269 -0.328979 0.244212
v 0.247329 -0.340741 0.262388
v 0.266182 -0.348522 0.270231
v 0.247932 -0.443331 0.174847
v 0.268012 -0.449579 0.179145
v 0.243919 -0.431683 0.157301
v 0.269936 -0.540795 0.047586
v 0.248646 -0.535861 0.046932
v 0.240717 -0.524437 0.029937
v 0.247893 -0.578629 -0.079417
v 0.269181 -0.582031 -0.082491
v 0.240136 -0.560056 -0.080123
v 0.249984 -0.574746 -0.192043
v 0.267953 -0.578116 -0.194586
v 0.243392 -0.557660 -0.194216
v 0.253907 -0.569557 -0.229310
v 0.259133 -0.570540 -0.230054
v 0.251979 -0.564582 -0.229941
v 0.155473 -1.044390 0.298360
v 0.166222 -1.043429 0.273292
v 0.174115 -1.044609 0.294015
v 0.182920 -1.028428 0.288814
v 0.153415 -1.043280 0.276277
v 0.172273 -1.032312 0.269720
v 0.146658 -1.032012 0.275690
v 0.165515 -1.021044 0.269133
v 0.145639 -1.027991 0.297504
v 0.173085 -1.012028 0.287959
v 0.154445 -1.011810 0.292304
v 0.152708 -1.020895 0.272118
v 0.301143 -0.803557 0.125956
v 0.275216 -0.795514 0.128762
v 0.295102 -0.785635 0.128894
v 0.289400 -0.780194 0.146338
v 0.279368 -0.807829 0.126743
v 0.271298 -0.791776 0.140747
v 0.279601 -0.816405 0.136710
v 0.271533 -0.800352 0.150714
v 0.301483 -0.816041 0.140463
v 0.289739 -0.792677 0.160845
v 0.295781 -0.810601 0.157907
v 0.275682 -0.812668 0.148695
v 0.302250 -0.812905 -0.050891
v 0.280093 -0.811461 -0.050876
v 0.278312 -0.811373 -0.063907
v 0.299658 -0.812779 -0.069856
v 0.300729 -0.796642 -0.040914
v 0.295548 -0.796386 -0.078845
v 0.279049 -0.800284 -0.044022
v 0.275488 -0.800110 -0.070083
v 0.276224 -0.789023 -0.050197
v 0.274444 -0.788935 -0.063228
v 0.296620 -0.780249 -0.049903
v 0.294027 -0.780122 -0.068868
v 0.015077 -0.537762 -0.314476
v 0.029901 -0.547426 -0.293702
v 0.016797 -0.546376 -0.294083
v 0.034148 -0.539290 -0.313921
v 0.006326 -0.523643 -0.304964
v 0.044470 -0.526701 -0.303851
v 0.010785 -0.536677 -0.287547
v 0.036993 -0.538778 -0.286782
v 0.017876 -0.528027 -0.280628
v 0.030981 -0.529077 -0.280246
v 0.016647 -0.511055 -0.294894
v 0.035720 -0.512584 -0.294338
v -0.219528 -0.269145 0.230842
v -0.239544 -0.312089 0.204700
v -0.238753 -0.294650 0.191841
v -0.248441 -0.381849 0.091927
v -0.256345 -0.282321 0.189049
v -0.247662 -0.364285 0.079124
v -0.246906 -0.451755 -0.044477
v -0.266069 -0.354671 0.072677
v -0.245138 -0.435427 -0.058845
v -0.262944 -0.424340 -0.064942
v -0.304771 -0.569067 -0.194967
v -0.286108 -0.570202 -0.185139
v -0.283102 -0.583729 -0.169592
v -0.258958 -0.616424 -0.255514
v -0.235950 -0.626462 -0.228712
v -0.241240 -0.613504 -0.244616
v -0.169048 -0.664366 -0.294168
v -0.152376 -0.657171 -0.281875
v -0.144435 -0.669611 -0.265714
v 0.062142 -0.804833 -0.304491
v 0.067109 -0.787390 -0.292340
v 0.064043 -0.787794 -0.271027
v 0.208479 -0.776409 -0.259340
v 0.219747 -0.778482 -0.277973
v 0.228917 -0.797792 -0.283006
v 0.295647 -0.781137 -0.180515
v 0.286068 -0.761634 -0.177680
v 0.265166 -0.760693 -0.171312
v 0.292751 -0.799814 -0.054494
v 0.284615 -0.780552 -0.047944
v 0.262980 -0.777245 -0.048287
v 0.262821 -0.936643 0.164322
v 0.283348 -0.939789 0.170861
v 0.295755 -0.954788 0.160896
v 0.216198 -1.014467 0.249985
v 0.230904 -1.013748 0.266125
v 0.242846 -1.031641 0.270740
v 0.073189 -1.041271 0.292093
v 0.080059 -1.023782 0.281043
v 0.078645 -1.023214 0.259602
v -0.058213 -0.958130 0.300872
v -0.049734 -0.945069 0.286372
v -0.052344 -0.948989 0.265744
v -0.142121 -0.865628 0.283208
v -0.132002 -0.862560 0.246902
v -0.130603 -0.855579 0.267548
v -0.216252 -0.832804 0.237056
v -0.227716 -0.821446 0.251546
v -0.241439 -0.831783 0.264899
v -0.268059 -0.813059 0.177381
v -0.287207 -0.803753 0.181087
v -0.303998 -0.815931 0.187570
v -0.299220 -0.804413 -0.038960
v -0.281099 -0.792272 -0.040000
v -0.261531 -0.801846 -0.039252
v -0.288859 -0.811727 -0.067285
v -0.271172 -0.810529 -0.067407
v -0.280365 -0.806033 -0.067751
v 0.204983 -0.184307 0.301363
v 0.200865 -0.191273 0.322042
v 0.196373 -0.172841 0.324584
v 0.219225 -0.196612 0.321127
v 0.201896 -0.171642 0.303110
v 0.217597 -0.187975 0.300734
v 0.210240 -0.159746 0.326212
v 0.233092 -0.183517 0.322755
v 0.211423 -0.162646 0.304229
v 0.227124 -0.178978 0.301854
v 0.224038 -0.166313 0.303601
v 0.228600 -0.165085 0.325297
v 0.291808 -0.581585 0.182606
v 0.312246 -0.583828 0.164659
v 0.313875 -0.583803 0.183731
v 0.312432 -0.567369 0.193439
v 0.290690 -0.581601 0.169502
v 0.290818 -0.570294 0.189276
v 0.309179 -0.567416 0.155295
v 0.288709 -0.559018 0.182842
v 0.288583 -0.570326 0.163068
v 0.309364 -0.550959 0.184077
v 0.287593 -0.559036 0.169738
v 0.307737 -0.550982 0.165003
v -0.290865 -0.343473 0.136123
v -0.275537 -0.344852 0.113586
v -0.297242 -0.343532 0.118075
v -0.271156 -0.344811 0.125987
v -0.275819 -0.356082 0.106749
v -0.284901 -0.359761 0.144220
v -0.297654 -0.359877 0.108123
v -0.267056 -0.356003 0.131550
v -0.291688 -0.376165 0.116220
v -0.267338 -0.367232 0.124711
v -0.271720 -0.367273 0.112311
v -0.285311 -0.376105 0.134268
v 0.268808 -0.556192 -0.008076
v 0.289662 -0.563574 -0.006157
v 0.292978 -0.545271 -0.001645
v 0.286826 -0.568568 -0.024417
v 0.271086 -0.543616 -0.004975
v 0.266859 -0.559624 -0.020621
v 0.293455 -0.531960 -0.015393
v 0.267187 -0.550478 -0.030067
v 0.271414 -0.534471 -0.014421
v 0.287303 -0.555257 -0.038164
v 0.269465 -0.537902 -0.026966
v 0.290618 -0.536952 -0.033653
v 0.183930 -0.173095 0.248439
v 0.006712 -0.190455 0.236091
v 0.007406 -0.168651 0.235990
v 0.184200 -0.151364 0.248369
v -0.170560 -0.246277 0.236063
v 0.253010 -0.179711 0.217238
v -0.171183 -0.268016 0.236039
v 0.006371 -0.201269 0.254891
v -0.171513 -0.278965 0.254937
v 0.183677 -0.183950 0.267034
v -0.221882 -0.283198 0.246077
v 0.266452 -0.212315 0.229596
v -0.229277 -0.250236 0.231653
v 0.252972 -0.200866 0.216838
v 0.275104 -0.248110 0.075851
v 0.256640 -0.218137 0.062646
v 0.256499 -0.237873 0.071735
v 0.266539 -0.331853 -0.044767
v 0.248221 -0.301625 -0.058039
v 0.247817 -0.321406 -0.048917
v 0.257630 -0.358736 -0.165034
v 0.238938 -0.348377 -0.169217
v 0.256707 -0.360933 -0.203318
v 0.239232 -0.328629 -0.178460
v 0.249994 -0.357209 -0.204799
v 0.250093 -0.350099 -0.208082
v 0.270094 -0.326177 -0.085754
v 0.294787 -0.330936 -0.075152
v 0.273096 -0.326726 -0.072962
v 0.274139 -0.315635 -0.065971
v 0.290419 -0.330138 -0.093772
v 0.296305 -0.314795 -0.064977
v 0.287569 -0.313197 -0.102216
v 0.293455 -0.297854 -0.073420
v 0.268135 -0.314539 -0.091556
v 0.272180 -0.303996 -0.071772
v 0.269179 -0.303448 -0.084565
v 0.289087 -0.297057 -0.092040
v -0.274415 -0.683750 0.090036
v -0.256859 -0.674259 0.099770
v -0.254745 -0.683435 0.108951
v -0.262582 -0.662878 0.103042
v -0.271337 -0.697105 0.103398
v -0.282745 -0.667186 0.094799
v -0.258353 -0.681231 0.121404
v -0.266190 -0.660675 0.115496
v -0.276589 -0.693899 0.121524
v -0.287998 -0.663979 0.112925
v -0.284920 -0.677335 0.126287
v -0.264075 -0.669852 0.124677
v -0.320482 -0.557173 -0.195351
v -0.323163 -0.555239 -0.176497
v -0.302581 -0.568448 -0.188608
v -0.324518 -0.573798 -0.203936
v -0.304422 -0.567120 -0.175654
v -0.305352 -0.579871 -0.194507
v -0.329879 -0.569931 -0.166229
v -0.309967 -0.589965 -0.187452
v -0.309037 -0.577213 -0.168599
v -0.331234 -0.588491 -0.193667
v -0.311808 -0.588636 -0.174496
v -0.333913 -0.586556 -0.174814
v -0.335676 -0.296792 -0.037225
v -0.330465 -0.285295 -0.022834
v -0.313876 -0.300970 -0.037799
v -0.336601 -0.315716 -0.034503
v -0.310294 -0.293071 -0.027911
v -0.314510 -0.313973 -0.035929
v -0.307350 -0.298176 -0.016154
v -0.332316 -0.323145 -0.017391
v -0.326178 -0.292725 -0.005721
v -0.311566 -0.319075 -0.024171
v -0.327103 -0.311650 -0.003000
v -0.307984 -0.311179 -0.014284
v 0.095199 -0.651759 0.325905
v 0.091699 -0.641885 0.306327
v 0.086185 -0.630843 0.310871
v 0.084197 -0.651244 0.300935
v 0.087172 -0.635690 0.332517
v 0.084282 -0.665383 0.318057
v 0.073168 -0.629161 0.310023
v 0.071180 -0.649565 0.300087
v 0.068228 -0.633243 0.331283
v 0.065336 -0.662937 0.316822
v 0.057312 -0.646866 0.323435
v 0.065667 -0.638524 0.304630
v -0.143382 -0.222582 -0.283425
v -0.145303 -0.226179 -0.305251
v -0.126224 -0.227224 -0.304132
v -0.154005 -0.209141 -0.304667
v -0.130273 -0.223300 -0.282655
v -0.149361 -0.210874 -0.283024
v -0.115845 -0.211231 -0.302430
v -0.142230 -0.199886 -0.281853
v -0.123141 -0.212310 -0.281486
v -0.143627 -0.193147 -0.302964
v -0.129120 -0.200603 -0.281085
v -0.124548 -0.194191 -0.301846
v -0.233510 -0.442575 0.269905
v -0.251953 -0.424924 0.279556
v -0.236300 -0.431077 0.288695
v -0.244267 -0.438347 0.263625
v -0.233293 -0.454608 0.275205
v -0.254805 -0.446154 0.262647
v -0.235984 -0.448592 0.296407
v -0.267291 -0.436289 0.278132
v -0.243831 -0.462417 0.274225
v -0.254586 -0.458190 0.267947
v -0.251321 -0.459957 0.294983
v -0.266975 -0.453805 0.285844
v 0.263097 -0.389353 -0.261631
v 0.264970 -0.395289 -0.282945
v 0.283571 -0.395855 -0.278464
v 0.275878 -0.389741 -0.258552
v 0.257139 -0.377782 -0.263530
v 0.293502 -0.379580 -0.276747
v 0.256298 -0.378450 -0.285708
v 0.282700 -0.378559 -0.257371
v 0.266228 -0.362176 -0.283991
v 0.276744 -0.366988 -0.259271
v 0.263963 -0.366600 -0.262349
v 0.284830 -0.362741 -0.279509
v -0.072306 -0.204333 0.259414
v -0.089972 -0.189045 0.273523
v -0.070994 -0.189602 0.275977
v -0.062949 -0.204412 0.285051
v -0.085344 -0.203952 0.257729
v -0.066777 -0.214509 0.265650
v -0.100899 -0.203299 0.280144
v -0.074287 -0.224301 0.270198
v -0.092852 -0.213744 0.262277
v -0.073878 -0.218664 0.291672
v -0.087323 -0.223920 0.268511
v -0.092853 -0.218108 0.289217
v -0.007262 -0.779005 -0.288025
v -0.020363 -0.777887 -0.287780
v -0.005596 -0.790556 -0.306916
v -0.024665 -0.788929 -0.306558
v 0.005191 -0.775608 -0.312069
v -0.032947 -0.772352 -0.311355
v 0.000149 -0.768733 -0.291567
v -0.026054 -0.766497 -0.291074
v -0.005541 -0.757345 -0.294864
v -0.018643 -0.756226 -0.294618
v -0.003092 -0.759031 -0.316867
v -0.022161 -0.757403 -0.316509
v -0.246096 -0.866403 0.268470
v -0.236273 -0.855970 0.251507
v -0.225213 -0.852503 0.257723
v -0.245639 -0.847016 0.249268
v -0.230000 -0.861357 0.277517
v -0.259732 -0.853370 0.265208
v -0.223521 -0.840082 0.261699
v -0.243949 -0.834594 0.253242
v -0.227539 -0.843278 0.283302
v -0.257269 -0.835291 0.270995
v -0.232890 -0.831126 0.259458
v -0.241173 -0.830245 0.280042
v -0.264690 -0.081761 -0.236234
v -0.280107 -0.076622 -0.258159
v -0.277057 -0.064781 -0.243434
v -0.266787 -0.089896 -0.246352
v -0.270889 -0.083749 -0.224806
v -0.275080 -0.100021 -0.245042
v -0.286077 -0.067674 -0.226800
v -0.292177 -0.091357 -0.256252
v -0.279182 -0.093870 -0.223495
v -0.281277 -0.102008 -0.233612
v -0.298146 -0.082407 -0.224893
v -0.301196 -0.094249 -0.239620
vn -0.7550 0.5784 -0.3088
vn -0.7550 0.5785 -0.3087
vn -0.7551 0.5784 -0.3088
vn -0.1257 0.9474 -0.2943
vn -0.4457 0.8448 0.2962
vn -0.4457 0.8447 0.2962
vn -0.8742 0.3219 0.3636
vn -0.1258 0.9474 -0.2943
vn -0.8741 0.3219 0.3636
vn -0.2339 0.5272 -0.8169
vn -0.9824 -0.0982 -0.1589
vn -0.2340 0.5271 -0.8170
vn -0.9824 -0.0982 -0.1590
vn -0.6622 0.0042 -0.7493
vn -0.6623 0.0042 -0.7492
vn 0.0262 -0.9924 0.1198
vn 0.5142 -0.8444 -0.1504
vn -0.0629 -0.9980 0.0091
vn 0.7995 -0.5511 -0.2389
vn 0.8421 -0.5036 -0.1929
vn 0.4648 -0.8205 -0.3329
vn -0.0850 -0.9254 -0.3693
vn 0.0982 -0.8153 -0.5707
vn 0.6168 -0.6882 -0.3820
vn 0.8994 -0.4293 -0.0820
vn 0.1501 -0.9509 -0.2707
vn 0.4664 -0.8604 0.2054
vn 0.6365 -0.5787 0.5099
vn -0.0020 -0.4810 0.8767
vn -0.1652 -0.8469 0.5054
vn -0.2347 -0.9713 0.0395
vn -0.6267 -0.7595 0.1745
vn -0.4953 -0.5847 0.6425
vn -0.2375 -0.2320 0.9433
vn -0.5502 -0.7804 0.2972
vn -0.4428 -0.4591 0.7701
vn -0.2570 -0.0971 0.9615
vn -0.3957 -0.8795 0.2642
vn -0.5488 -0.0389 0.8350
vn -0.5415 -0.4835 0.6878
vn -0.4534 -0.8892 0.0611
vn -0.8344 -0.4848 0.2623
vn -0.9632 -0.0582 0.2624
vn -0.8130 -0.5547 -0.1771
vn -0.4255 -0.8927 -0.1483
vn -0.9805 -0.0968 -0.1711
vn -0.7701 -0.5465 -0.3291
vn -0.4142 -0.8723 -0.2598
vn -0.9428 -0.0922 -0.3204
vn -0.4235 -0.2233 0.8780
vn -0.4234 -0.2233 0.8780
vn -0.2234 0.4776 0.8497
vn 0.2604 0.0152 0.9654
vn 0.2605 0.0152 0.9654
vn 0.1729 -0.6263 0.7602
vn -0.2235 0.4776 0.8497
vn 0.1728 -0.6263 0.7602
vn -0.7946 0.2986 0.5287
vn -0.3981 -0.8053 0.4392
vn -0.3983 -0.8053 0.4392
vn -0.8819 -0.3429 0.3235
vn -0.8819 -0.3429 0.3236
vn -0.0433 -0.2976 -0.9537
vn -0.0436 -0.2978 -0.9536
vn -0.0433 -0.2977 -0.9537
vn -0.3256 0.3697 -0.8702
vn -0.7084 -0.1606 -0.6872
vn -0.3257 0.3697 -0.8702
vn -0.7085 -0.1607 -0.6872
vn 0.3507 0.3119 -0.8830
vn -0.4145 -0.7489 -0.5170
vn 0.3511 0.3122 -0.8828
vn 0.6450 -0.2762 -0.7125
vn 0.2622 -0.8066 -0.5297
vn 0.6450 -0.2761 -0.7126
vn 0.2621 -0.8066 -0.5297
vn -0.0986 0.4804 0.8715
vn -0.0985 0.4804 0.8715
vn -0.0987 0.4804 0.8715
vn -0.4601 -0.1533 0.8746
vn -0.7458 0.3723 0.5524
vn -0.7458 0.3722 0.5525
vn -0.3579 0.8781 0.3176
vn -0.4602 -0.1531 0.8745
vn 0.2132 -0.1728 0.9616
vn 0.3155 0.8583 0.4048
vn 0.2130 -0.1728 0.9616
vn 0.3154 0.8583 0.4048
vn 0.6010 0.3328 0.7266
vn 0.6011 0.3328 0.7266
vn 0.2329 -0.0395 -0.9717
vn 0.2329 -0.0396 -0.9717
vn -0.1369 0.5686 -0.8112
vn -0.4891 -0.0090 -0.8722
vn -0.1814 -0.6065 -0.7741
vn -0.1368 0.5687 -0.8111
vn -0.1815 -0.6064 -0.7742
vn 0.5233 0.5485 -0.6522
vn 0.4786 -0.6266 -0.6151
vn 0.5233 0.5485 -0.6521
vn 0.4785 -0.6266 -0.6151
vn 0.8309 -0.0491 -0.5543
vn 0.8310 -0.0491 -0.5541
vn -0.3549 0.3714 0.8580
vn -0.3549 0.3714 0.8579
vn -0.3549 0.3715 0.8580
vn 0.2949 0.0543 0.9540
vn 0.2838 0.6758 0.6803
vn 0.2837 0.6759 0.6802
vn 0.2949 0.0544 0.9540
vn -0.2717 0.8942 0.3559
vn -0.2493 -0.3491 0.9033
vn -0.2718 0.8942 0.3558
vn -0.2491 -0.3490 0.9034
vn -0.8159 0.4910 0.3054
vn -0.8047 -0.1307 0.5791
vn -0.8159 0.4909 0.3054
vn -0.8047 -0.1306 0.5791
vn 0.0620 0.0658 -0.9959
vn 0.0619 0.0659 -0.9959
vn 0.0621 0.0658 -0.9959
vn 0.0621 0.0657 -0.9959
vn -0.1135 -0.4261 0.8975
vn -0.1136 -0.4260 0.8976
vn -0.1137 -0.4260 0.8975
vn -0.1134 -0.4261 0.8975
vn -0.2634 0.6531 -0.7100
vn -0.6317 0.0854 -0.7705
vn -0.3228 -0.5192 -0.7914
vn 0.4138 0.6159 -0.6703
vn -0.3229 -0.5195 -0.7911
vn 0.4138 0.6160 -0.6703
vn 0.3543 -0.5565 -0.7515
vn 0.7226 0.0112 -0.6912
vn 0.3544 -0.5564 -0.7516
vn 0.7225 0.0113 -0.6913
vn 0.2015 -0.8829 0.4241
vn 0.5890 -0.3994 0.7025
vn 0.5890 -0.3995 0.7025
vn 0.2013 -0.8830 0.4241
vn 0.3041 0.1709 0.9372
vn -0.4707 -0.7961 0.3803
vn 0.3042 0.1708 0.9372
vn -0.4708 -0.7961 0.3804
vn -0.3682 0.2577 0.8933
vn -0.7557 -0.2258 0.6147
vn -0.3681 0.2577 0.8934
vn -0.7558 -0.2258 0.6146
vn -0.9569 0.0867 0.2773
vn -0.9569 0.0866 0.2773
vn -0.5174 0.4715 0.7141
vn -0.6695 0.7351 0.1069
vn -0.6695 0.7351 0.1070
vn -0.8543 0.3272 -0.4038
vn -0.5174 0.4715 0.7142
vn -0.5502 -0.2000 0.8108
vn -0.8871 -0.3444 -0.3073
vn -0.5501 -0.2000 0.8108
vn -0.8873 -0.3443 -0.3070
vn -0.7350 -0.6080 0.3001
vn -0.9355 0.3123 -0.1651
vn -0.8299 -0.3606 -0.4258
vn -0.5916 0.1606 -0.7901
vn -0.4483 0.7505 -0.4855
vn -0.8299 -0.3607 -0.4257
vn -0.4483 0.7506 -0.4855
vn -0.9249 -0.2922 0.2433
vn -0.5434 0.8192 0.1835
vn -0.5435 0.8191 0.1835
vn -0.7817 0.2978 0.5480
vn -0.8980 -0.3969 -0.1900
vn -0.8980 -0.3970 -0.1899
vn -0.8980 -0.3970 -0.1900
vn -0.8980 -0.3969 -0.1901
vn -0.8454 -0.1777 0.5037
vn -0.5498 -0.7653 0.3348
vn -0.5498 -0.7653 0.3347
vn -0.8454 -0.1776 0.5037
vn -0.3633 -0.8791 -0.3085
vn -0.9546 0.2963 0.0296
vn -0.3636 -0.8790 -0.3084
vn -0.9545 0.2966 0.0298
vn -0.4727 -0.4051 -0.7826
vn -0.7682 0.1826 -0.6136
vn -0.4727 -0.4052 -0.7826
vn 0.9728 0.0510 -0.2260
vn 0.9728 0.0512 -0.2259
vn 0.9728 0.0509 -0.2261
vn 0.6128 0.6386 -0.4655
vn 0.5589 0.0659 -0.8266
vn 0.5589 0.0658 -0.8266
vn 0.6600 -0.5354 -0.5270
vn 0.6127 0.6386 -0.4656
vn 0.7677 0.6103 0.1952
vn 0.8151 -0.5636 0.1337
vn 0.7677 0.6103 0.1953
vn 0.8150 -0.5638 0.1339
vn 0.8689 0.0091 0.4950
vn 0.8689 0.0090 0.4950
vn 0.9823 -0.1504 -0.1115
vn 0.9823 -0.1505 -0.1115
vn 0.9823 -0.1503 -0.1116
vn -0.9279 -0.1766 0.3284
vn -0.9279 -0.1765 0.3284
vn -0.9279 -0.1765 0.3285
vn 0.6203 -0.2878 -0.7297
vn 0.6034 -0.7598 -0.2420
vn 0.6034 -0.7599 -0.2419
vn 0.7039 -0.5828 0.4062
vn 0.6202 -0.2876 -0.7298
vn 0.7039 -0.5828 0.4061
vn 0.7379 0.3618 -0.5697
vn 0.8217 0.0668 0.5660
vn 0.7379 0.3619 -0.5696
vn 0.8217 0.0667 0.5661
vn 0.8387 0.5390 0.0782
vn 0.8384 0.5394 0.0784
vn -0.9072 -0.1313 -0.3996
vn -0.6955 -0.7097 -0.1122
vn -0.6954 -0.7098 -0.1122
vn -0.4693 -0.7076 0.5283
vn -0.9072 -0.1317 -0.3996
vn -0.8926 0.4485 -0.0464
vn -0.4546 -0.1275 0.8815
vn -0.8927 0.4483 -0.0463
vn -0.6662 0.4506 0.5942
vn -0.6663 0.4506 0.5942
vn 0.9870 0.1365 -0.0843
vn 0.9870 0.1364 -0.0844
vn 0.9871 0.1364 -0.0844
vn 0.9871 0.1364 -0.0843
vn 0.6157 0.6824 -0.3941
vn 0.6666 0.0993 -0.7387
vn 0.6667 0.0993 -0.7387
vn 0.7755 -0.4831 -0.4064
vn 0.6157 0.6823 -0.3941
vn 0.7755 -0.4831 -0.4065
vn 0.6733 0.6833 0.2826
vn 0.8333 -0.4822 0.2704
vn 0.7821 0.1010 0.6149
vn 0.7821 0.1009 0.6149
vn 0.0103 -0.1341 0.9909
vn 0.0104 -0.1342 0.9909
vn 0.0103 -0.1342 0.9909
vn 0.0105 -0.1342 0.9909
vn 0.6590 -0.2879 0.6948
vn 0.1670 -0.7525 0.6371
vn -0.4844 -0.5631 0.6695
vn 0.6591 -0.2879 0.6948
vn -0.4845 -0.5631 0.6695
vn 0.4997 0.3664 0.7849
vn -0.6439 0.0910 0.7597
vn 0.4998 0.3664 0.7849
vn -0.1518 0.5556 0.8175
vn 0.5002 0.8452 -0.1883
vn 0.5670 0.7731 -0.2842
vn 0.3950 0.6100 -0.6869
vn -0.0566 0.4893 -0.8703
vn 0.2192 0.2468 -0.9439
vn 0.1097 0.8606 -0.4974
vn 0.1934 0.9801 -0.0434
vn -0.0270 0.9933 0.1121
vn -0.3641 0.8506 -0.3794
vn -0.4473 0.5801 -0.6807
vn -0.7996 0.5509 -0.2391
vn -0.5143 0.8443 -0.1508
vn 0.0628 0.9980 0.0087
vn -0.8424 0.5031 -0.1929
vn -0.4654 0.8200 -0.3332
vn 0.0844 0.9253 -0.3697
vn -0.0715 0.8092 -0.5832
vn -0.6009 0.6930 -0.3984
vn -0.8934 0.4385 -0.0972
vn -0.0152 0.9515 -0.3072
vn -0.4002 0.9048 0.1458
vn -0.5088 0.6724 0.5376
vn -0.0352 0.5713 0.8200
vn 0.1131 0.8796 0.4621
vn 0.2143 0.9765 0.0207
vn 0.0689 0.3300 0.9415
vn 0.4853 0.8553 0.1816
vn 0.3444 0.6801 0.6472
vn 0.3165 0.0351 0.9479
vn 0.6800 0.3086 0.6652
vn 0.8397 0.4877 0.2389
vn 0.9844 0.1647 0.0619
vn 0.8559 -0.1422 0.4972
vn 0.5071 -0.3085 0.8048
vn 0.9276 -0.2905 0.2349
vn 0.6164 -0.5792 0.5334
vn 0.9760 0.1634 -0.1437
vn 0.6897 -0.6331 0.3514
vn 0.9617 -0.2599 0.0869
vn 0.9236 0.3575 -0.1387
vn 0.7344 -0.6728 0.0895
vn 0.9772 -0.2116 0.0155
vn 0.9146 0.3987 -0.0668
vn 0.7289 -0.6679 -0.1504
vn 0.9575 -0.1690 -0.2336
vn 0.9115 0.3307 -0.2446
vn 0.6757 -0.6685 -0.3106
vn 0.8455 0.2656 -0.4633
vn 0.8704 -0.2126 -0.4440
vn 0.0706 0.5871 -0.8064
vn 0.0706 0.5872 -0.8064
vn 0.0705 0.5871 -0.8064
vn -0.2587 0.9319 -0.2541
vn -0.6250 0.4852 -0.6116
vn -0.2588 0.9319 -0.2541
vn -0.6249 0.4852 -0.6116
vn 0.4180 0.8777 -0.2344
vn -0.3145 -0.0159 -0.9491
vn 0.4181 0.8776 -0.2344
vn -0.3145 -0.0160 -0.9491
vn 0.7285 0.3767 -0.5721
vn 0.3623 -0.0699 -0.9294
vn 0.7286 0.3767 -0.5721
vn 0.3623 -0.0698 -0.9294
vn 0.9761 0.1723 -0.1322
vn 0.9761 0.1723 -0.1323
vn 0.5705 0.7082 -0.4160
vn 0.6245 0.1309 -0.7700
vn 0.6245 0.1310 -0.7700
vn 0.7703 -0.4508 -0.4511
vn 0.5704 0.7082 -0.4160
vn 0.6624 0.7037 0.2570
vn 0.8623 -0.4553 0.2219
vn 0.6623 0.7037 0.2571
vn 0.8623 -0.4552 0.2220
vn 0.8082 0.1219 0.5761
vn 0.0012 0.8368 -0.5475
vn -0.2203 0.8447 -0.4878
vn -0.2382 0.9711 -0.0147
vn -0.2909 0.9555 0.0488
vn -0.1944 0.8731 -0.4470
vn -0.2158 0.8777 -0.4280
vn -0.2465 0.8414 0.4810
vn -0.2685 0.8111 0.5196
vn -0.6202 0.6321 0.4645
vn 0.1099 0.9937 0.0212
vn 0.1393 0.8759 0.4619
vn 0.5327 0.8376 0.1209
vn -0.5064 0.8559 0.1047
vn -0.9642 0.2126 0.1586
vn 0.3162 0.9443 -0.0911
vn -0.2731 0.8775 -0.3941
vn 0.5555 0.7594 -0.3388
vn 0.0546 0.9136 -0.4030
vn -0.4897 0.7986 -0.3498
vn 0.5097 0.7720 -0.3797
vn -0.4865 0.8134 -0.3190
vn 0.0173 0.9156 -0.4016
vn 0.5101 0.7482 -0.4243
vn -0.4878 0.7831 -0.3858
vn 0.0059 0.8742 -0.4856
vn 0.0024 0.6926 -0.7214
vn 0.4767 0.5965 -0.6457
vn -0.4725 0.6222 -0.6242
vn -0.8221 0.5548 -0.1281
vn -0.9982 0.0592 0.0030
vn -0.4152 0.7999 -0.4334
vn -0.8477 0.4729 -0.2403
vn -0.9961 0.0701 0.0537
vn -0.4440 0.7880 -0.4266
vn -0.8174 0.5043 -0.2784
vn -0.4956 0.7191 -0.4872
vn -0.9227 0.0924 -0.3742
vn -0.9735 -0.2253 -0.0378
vn -0.5868 0.4887 -0.6457
vn -0.6869 -0.6611 -0.3017
vn -0.5041 0.1434 -0.8516
vn -0.7074 -0.2678 -0.6541
vn -0.4595 -0.4995 -0.7345
vn -0.2999 -0.1289 -0.9452
vn -0.5192 -0.8124 -0.2652
vn -0.0139 -0.4431 -0.8964
vn -0.1598 -0.8215 -0.5473
vn -0.2477 -0.9657 -0.0785
vn 0.3637 -0.8530 -0.3743
vn 0.4474 -0.5844 -0.6769
vn 0.6785 -0.7316 -0.0665
vn 0.6785 -0.7315 -0.0665
vn -0.1732 -0.1902 -0.9664
vn -0.1734 -0.1900 -0.9664
vn -0.1733 -0.1902 -0.9663
vn -0.1733 -0.1899 -0.9664
vn -0.1735 -0.1900 -0.9663
vn -0.1734 -0.1905 -0.9663
vn 0.9350 0.2793 0.2185
vn 0.9350 0.2792 0.2186
vn 0.9350 0.2794 0.2184
vn 0.4839 0.3980 0.7794
vn 0.4718 0.8410 0.2647
vn 0.4718 0.8411 0.2646
vn 0.6740 0.6481 -0.3546
vn 0.4839 0.3981 0.7794
vn 0.6740 0.6480 -0.3546
vn 0.6983 -0.2379 0.6751
vn 0.8885 0.0119 -0.4587
vn 0.6983 -0.2380 0.6751
vn 0.8885 0.0120 -0.4586
vn 0.9006 -0.4309 0.0562
vn 0.9007 -0.4309 0.0561
vn 0.2252 0.1849 0.9566
vn 0.2252 0.1850 0.9566
vn 0.2252 0.1848 0.9566
vn 0.2251 0.1849 0.9566
vn 0.2251 0.1848 0.9566
vn 0.4777 0.7100 0.5173
vn 0.8267 0.1279 0.5480
vn 0.8267 0.1279 0.5479
vn 0.5143 -0.4461 0.7325
vn 0.4777 0.7097 0.5177
vn 0.5142 -0.4462 0.7325
vn -0.1839 0.7177 0.6716
vn -0.1473 -0.4384 0.8866
vn -0.1473 -0.4385 0.8866
vn -0.4962 0.1436 0.8562
vn -0.4962 0.1435 0.8563
vn 0.4859 -0.8539 -0.1863
vn -0.0574 -0.9478 -0.3138
vn -0.0926 -0.8970 -0.4322
vn -0.4988 -0.7437 -0.4450
vn 0.2640 -0.9596 0.0975
vn -0.2398 -0.6825 -0.6904
vn -0.0664 -0.8884 -0.4543
vn -0.1235 -0.6535 -0.7468
vn -0.2056 -0.9234 -0.3242
vn -0.2813 -0.9251 0.2550
vn -0.0624 -0.7313 -0.6792
vn -0.2081 -0.9260 -0.3151
vn -0.4713 -0.8494 0.2373
vn -0.0799 -0.9652 -0.2489
vn 0.2867 -0.8630 -0.4160
vn -0.5930 -0.8026 0.0651
vn 0.1858 -0.9051 -0.3825
vn -0.3195 -0.8785 -0.3553
vn -0.7694 -0.5972 -0.2266
vn 0.0998 -0.8357 -0.5401
vn -0.8082 -0.4740 -0.3494
vn -0.4371 -0.7423 -0.5079
vn -0.7598 -0.5041 -0.4105
vn -0.2952 -0.7955 -0.5291
vn 0.1737 -0.8452 -0.5054
vn -0.5684 -0.5142 -0.6423
vn -0.1291 -0.9033 -0.4092
vn 0.1925 -0.9510 -0.2420
vn -0.0160 -0.9970 0.0751
vn -0.1128 -0.9352 -0.3358
vn -0.2203 -0.5437 -0.8098
vn -0.2431 -0.9661 0.0864
vn -0.1839 -0.8947 -0.4070
vn -0.0758 -0.5606 -0.8246
vn -0.5020 -0.8649 0.0047
vn -0.2814 -0.4289 -0.8584
vn -0.4543 -0.7411 -0.4943
vn -0.6364 -0.5834 -0.5046
vn -0.6743 -0.7370 -0.0457
vn -0.4488 -0.2924 -0.8444
vn -0.9350 -0.2793 0.2187
vn 0.1462 -0.3717 -0.9168
vn 0.1463 -0.3717 -0.9168
vn 0.1461 -0.3717 -0.9168
vn 0.1463 -0.3717 -0.9167
vn -0.4838 -0.3979 0.7795
vn -0.4719 -0.8409 0.2650
vn -0.4838 -0.3977 0.7796
vn -0.4720 -0.8408 0.2650
vn -0.6982 0.2384 0.6751
vn -0.6741 -0.6482 -0.3541
vn -0.6741 -0.6482 -0.3542
vn -0.9005 0.4312 0.0560
vn -0.8886 -0.0121 -0.4586
vn -0.9005 0.4312 0.0559
vn -0.8885 -0.0122 -0.4586
vn -0.1253 0.3049 -0.9441
vn -0.5550 -0.2029 -0.8067
vn -0.1252 0.3049 -0.9441
vn 0.5370 0.2351 -0.8101
vn 0.5371 0.2351 -0.8101
vn -0.3226 -0.7807 -0.5353
vn 0.7696 -0.3426 -0.5389
vn -0.3225 -0.7807 -0.5353
vn 0.7695 -0.3426 -0.5389
vn 0.3399 -0.8505 -0.4015
vn 0.3399 -0.8504 -0.4015
vn -0.0316 -0.4184 -0.9077
vn -0.0318 -0.4184 -0.9077
vn -0.0317 -0.4184 -0.9077
vn -0.0316 -0.4185 -0.9077
vn -0.0318 -0.4185 -0.9077
vn -0.0316 -0.4186 -0.9076
vn -0.0015 -0.0794 -0.9968
vn 0.2386 -0.9711 -0.0107
vn -0.1094 -0.9939 0.0155
vn -0.0377 -0.8455 -0.5326
vn 0.2238 -0.8443 -0.4870
vn 0.2909 -0.9555 0.0496
vn 0.1944 -0.8735 -0.4463
vn 0.2428 -0.8419 0.4819
vn -0.1361 -0.8726 0.4690
vn -0.5212 -0.8314 0.1928
vn 0.2685 -0.8107 0.5202
vn 0.2157 -0.8779 -0.4275
vn 0.6201 -0.6321 0.4647
vn -0.3598 -0.9299 -0.0763
vn -0.5741 -0.7872 -0.2253
vn 0.2804 -0.8809 -0.3812
vn 0.5063 -0.8559 0.1051
vn 0.9641 -0.2136 0.1580
vn 0.5011 -0.8121 -0.2990
vn 0.8216 -0.5554 -0.1283
vn 0.9978 -0.0659 0.0108
vn 0.4147 -0.8003 -0.4330
vn 0.8651 -0.4761 -0.1579
vn 0.9954 -0.0808 0.0509
vn 0.4122 -0.8675 -0.2784
vn 0.7800 -0.6204 -0.0823
vn 0.9843 0.1765 -0.0002
vn 0.4605 -0.8578 -0.2283
vn 0.9225 -0.1719 -0.3457
vn 0.6024 -0.5833 -0.5448
vn 0.6867 0.6618 -0.3008
vn 0.5057 -0.1406 -0.8511
vn 0.7077 0.2697 -0.6531
vn 0.5318 0.4574 -0.7127
vn 0.3816 0.0612 -0.9223
vn 0.2285 0.3779 0.8972
vn 0.5014 0.2431 0.8304
vn 0.4405 0.6678 0.6000
vn 0.6968 0.5205 0.4935
vn 0.8527 0.3502 0.3877
vn 0.6725 0.0962 0.7338
vn 0.3507 -0.1758 0.9198
vn 0.1372 -0.0749 0.9877
vn 0.1520 0.7704 0.6192
vn -0.0618 -0.1238 0.9904
vn -0.0524 0.3814 0.9229
vn -0.2419 -0.1098 0.9641
vn -0.0101 0.9058 0.4235
vn -0.6509 0.2273 0.7243
vn -0.4391 0.6045 0.6646
vn -0.7603 0.5304 0.3750
vn -0.4164 0.8047 0.4232
vn 0.1913 0.8696 0.4552
vn -0.8017 0.4748 0.3631
vn -0.4018 0.7053 0.5840
vn 0.1649 0.7647 0.6229
vn -0.1185 0.7041 0.7001
vn -0.6143 0.5978 0.5150
vn -0.9110 0.3571 0.2061
vn -0.1389 0.7183 0.6817
vn -0.5755 0.7823 0.2383
vn -0.7506 0.6479 -0.1297
vn -0.0337 0.9847 0.1709
vn 0.0671 0.7118 0.6992
vn 0.0215 0.9569 -0.2895
vn 0.4684 0.4897 0.7354
vn 0.6107 0.7380 0.2869
vn 0.7174 0.6839 -0.1326
vn 0.9070 0.1925 0.3745
vn 0.6297 0.1193 0.7676
vn 0.9763 0.2098 -0.0522
vn 0.9002 0.0747 0.4289
vn 0.6041 0.0517 0.7952
vn 0.9932 0.0968 -0.0649
vn 0.5562 -0.1079 0.8240
vn 0.9939 -0.0696 -0.0854
vn 0.8923 -0.1777 0.4149
vn 0.8915 -0.4414 -0.1020
vn 0.7725 -0.5039 0.3865
vn 0.4628 -0.4397 0.7697
vn 0.4550 -0.5755 0.6795
vn 0.0722 -0.4958 0.8654
vn 0.5457 -0.0578 0.8360
vn 0.4619 0.4741 0.7496
vn 0.8630 0.4487 0.2322
vn 0.8105 -0.5378 0.2320
vn 0.9601 -0.1066 0.2586
vn 0.8973 0.4005 -0.1856
vn 0.8491 -0.4942 0.1865
vn 0.9915 -0.1256 0.0324
vn 0.9850 -0.0311 -0.1695
vn 0.8131 0.3763 -0.4442
vn 0.8983 -0.4270 0.1034
vn 0.5537 -0.0628 -0.8303
vn 0.5181 0.3404 -0.7847
vn 0.4904 -0.6760 -0.5500
vn 0.2725 0.4019 -0.8742
vn 0.0001 -0.5720 -0.8203
vn 0.1473 -0.0906 -0.9849
vn -0.0636 -0.3489 -0.9350
vn 0.2391 0.1663 -0.9567
vn 0.4297 0.5040 -0.7492
vn -0.3212 -0.0519 -0.9456
vn 0.1797 0.2735 -0.9450
vn 0.5146 0.4481 -0.7310
vn 0.0447 0.4876 -0.8719
vn -0.5095 0.3003 -0.8063
vn 0.4743 0.5105 -0.7172
vn -0.1697 0.7429 -0.6475
vn -0.6156 0.5811 -0.5324
vn 0.3502 0.6987 -0.6238
vn -0.6830 0.6402 -0.3516
vn 0.2248 0.8865 -0.4044
vn -0.2853 0.8754 -0.3901
vn -0.7318 0.6726 -0.1101
vn -0.3373 0.9319 -0.1331
vn 0.1712 0.9791 -0.1095
vn -0.7784 0.6150 -0.1260
vn -0.3449 0.9151 -0.2088
vn 0.1388 0.9639 -0.2273
vn 0.0994 0.8851 -0.4547
vn -0.3736 0.8219 -0.4300
vn -0.7847 0.5456 -0.2942
vn -0.5451 0.0634 0.8360
vn -0.1945 -0.4729 0.8594
vn -0.4631 -0.4678 0.7528
vn 0.0094 0.4499 0.8930
vn -0.4539 0.5793 0.6770
vn -0.8630 -0.4485 0.2324
vn -0.8104 0.5380 0.2318
vn -0.9600 0.1069 0.2587
vn -0.8977 -0.3998 -0.1850
vn -0.8486 0.4950 0.1867
vn -0.9914 0.1264 0.0329
vn -0.9841 0.0179 -0.1767
vn -0.7957 -0.3978 -0.4567
vn -0.9038 0.4161 0.1001
vn -0.5279 -0.0156 -0.8492
vn -0.3923 -0.4118 -0.8225
vn -0.6564 0.5740 -0.4897
vn -0.2245 -0.4462 -0.8663
vn 0.0213 0.4840 -0.8748
vn -0.1028 -0.0615 -0.9928
vn -0.3908 -0.5128 -0.7644
vn 0.2402 0.2341 -0.9421
vn -0.1296 -0.1993 -0.9713
vn -0.3033 -0.6488 -0.6979
vn -0.0168 -0.2492 -0.9683
vn 0.2317 0.0986 -0.9678
vn 0.5175 0.0393 -0.8548
vn 0.2559 -0.4649 -0.8476
vn 0.0793 -0.7977 -0.5978
vn 0.7842 -0.4932 -0.3766
vn 0.4387 -0.8484 -0.2963
vn 0.9645 0.0554 -0.2580
vn 0.5565 -0.8195 -0.1370
vn 0.8959 -0.4143 -0.1600
vn 0.9863 0.0681 -0.1500
vn 0.9419 0.0366 -0.3338
vn 0.8324 -0.4373 -0.3404
vn 0.5261 -0.8076 -0.2664
vn 0.0841 -0.4629 0.8824
vn 0.0145 -0.8491 0.5280
vn 0.1300 -0.4227 0.8969
vn 0.2212 -0.8476 0.4824
vn 0.0915 -0.5440 0.8341
vn 0.1849 -0.8808 0.4359
vn 0.2348 -0.8751 0.4231
vn -0.0540 -0.0238 0.9983
vn -0.0417 -0.0022 0.9991
vn 0.1596 -0.0083 0.9871
vn 0.7615 -0.0078 0.6481
vn 0.6709 -0.4735 0.5707
vn 0.2667 -0.8845 0.3828
vn 0.9998 -0.0173 0.0140
vn 0.8868 -0.4203 0.1923
vn 0.4783 -0.8055 0.3500
vn 0.9977 -0.0397 -0.0551
vn 0.4857 -0.8137 0.3194
vn 0.8308 -0.5288 0.1735
vn 0.4617 -0.8808 0.1052
vn 0.8388 -0.5423 -0.0474
vn 0.4497 -0.8923 0.0403
vn 0.9758 -0.1051 -0.1916
vn 0.7864 -0.5981 -0.1545
vn 0.9360 -0.1623 -0.3123
vn -0.1697 0.2038 -0.9642
vn 0.1760 0.1978 -0.9643
vn -0.1433 -0.1725 -0.9745
vn -0.5931 -0.0962 -0.7994
vn -0.0152 -0.1267 -0.9918
vn 0.3877 0.0483 -0.9205
vn -0.3264 -0.3897 -0.8612
vn -0.8125 -0.3426 -0.4717
vn -0.0669 -0.7308 -0.6793
vn 0.1562 -0.7313 -0.6639
vn -0.4944 -0.4823 -0.7231
vn -0.4137 -0.5993 -0.6853
vn -0.9267 -0.2576 -0.2736
vn 0.1310 -0.7076 -0.6944
vn -0.0816 -0.0465 -0.9956
vn -0.6695 -0.0446 -0.7415
vn 0.4115 0.0349 -0.9107
vn -0.1825 -0.0017 -0.9832
vn -0.6338 -0.0183 -0.7733
vn -0.5802 -0.1855 -0.7930
vn -0.0485 -0.1461 -0.9881
vn -0.5703 -0.2158 -0.7926
vn 0.3819 -0.1623 -0.9099
vn -0.0975 -0.3078 -0.9464
vn 0.3351 -0.3243 -0.8846
vn -0.5997 -0.5918 -0.5386
vn -0.1522 -0.7652 -0.6255
vn -0.1828 -0.8684 -0.4609
vn -0.6523 -0.7126 -0.2581
vn -0.9289 -0.3697 0.0208
vn 0.0129 -0.8939 -0.4481
vn -0.4387 -0.8984 -0.0188
vn -0.6657 -0.7022 0.2525
vn -0.3044 -0.9445 -0.1234
vn -0.1401 -0.7698 -0.6228
vn -0.3742 -0.8700 0.3211
vn -0.4873 -0.8587 -0.1586
vn -0.4204 -0.6849 -0.5951
vn -0.4935 -0.7716 0.4014
vn -0.5453 -0.8376 0.0317
vn -0.4687 -0.7209 -0.5105
vn -0.4324 -0.7218 0.5404
vn -0.4129 -0.9083 0.0674
vn -0.4108 -0.7870 -0.4603
vn -0.2924 -0.7610 0.5792
vn 0.0264 0.8558 0.5166
vn -0.0918 0.4616 0.8823
vn -0.2246 0.8471 0.4816
vn -0.0914 0.5443 0.8339
vn -0.1849 0.8810 0.4355
vn -0.2349 0.8753 0.4226
vn 0.0540 0.0244 0.9982
vn 0.1678 0.5719 0.8030
vn 0.3577 0.2686 0.8944
vn 0.0303 0.0030 0.9995
vn 0.5557 0.5835 0.5923
vn 0.1154 0.7920 0.5995
vn -0.4343 0.7900 0.4328
vn -0.0837 0.4305 0.8987
vn -0.1175 0.0077 0.9930
vn -0.6991 -0.0014 0.7150
vn 0.0759 0.9335 0.3505
vn -0.4162 0.8666 0.2754
vn 0.5383 0.7980 0.2709
vn 0.0067 0.9645 0.2639
vn -0.4570 0.8650 0.2072
vn 0.4935 0.8021 0.3364
vn -0.0246 0.8145 0.5797
vn 0.3179 0.8039 0.5027
vn -0.6090 0.5825 0.5383
vn 0.1906 0.8243 0.5332
vn -0.1584 0.6024 0.7823
vn -0.4986 0.1236 0.8580
vn 0.1674 0.7303 0.6623
vn -0.1230 0.3574 0.9258
vn -0.3767 -0.0665 0.9239
vn 0.2952 0.5511 0.7805
vn -0.2010 -0.2507 0.9470
vn 0.0985 0.1678 0.9809
vn 0.2752 0.4335 0.8581
vn 0.1805 0.0491 0.9823
vn -0.1153 -0.7917 0.5999
vn -0.1677 -0.5715 0.8033
vn -0.5550 -0.5836 0.5927
vn -0.3576 -0.2681 0.8946
vn 0.4336 -0.7900 0.4334
vn -0.0688 -0.8690 0.4901
vn -0.5472 -0.7245 0.4191
vn 0.4464 -0.7875 0.4250
vn 0.0080 -0.8046 0.5937
vn -0.5247 -0.6533 0.5458
vn 0.4973 -0.7220 0.4812
vn -0.3429 -0.7191 0.6044
vn 0.0188 -0.6931 0.7206
vn 0.5939 -0.4834 0.6432
vn -0.1927 -0.8245 0.5320
vn 0.1561 -0.6032 0.7822
vn 0.4962 -0.1262 0.8590
vn -0.2094 -0.6998 0.6830
vn 0.0123 -0.2770 0.9608
vn 0.2792 0.1458 0.9491
vn -0.1007 -0.1117 0.9886
vn -0.2584 -0.9562 -0.1377
vn -0.2585 -0.9561 -0.1378
vn -0.0311 0.0032 -0.9995
vn 0.1181 -0.0008 -0.9930
vn 0.1848 0.4689 -0.8637
vn 0.7100 -0.0009 -0.7042
vn -0.1323 0.4494 -0.8835
vn -0.0374 -0.0166 -0.9992
vn 0.7729 0.5525 -0.3119
vn 0.9993 0.0022 -0.0383
vn -0.2424 0.8414 -0.4830
vn 0.1531 0.8685 -0.4714
vn 0.5522 0.8145 -0.1782
vn 0.5902 0.7715 0.2377
vn 0.9034 0.4163 0.1023
vn 0.5113 0.7349 0.4455
vn -0.1833 0.5044 -0.8438
vn -0.2374 0.8151 -0.5285
vn -0.5919 0.6500 -0.4766
vn -0.5540 0.1526 -0.8184
vn -0.3723 -0.2840 -0.8836
vn -0.9729 0.1869 -0.1361
vn -0.5694 -0.5891 -0.5734
vn -0.8769 -0.2489 -0.4111
vn -0.9981 0.0605 -0.0112
vn -0.9133 -0.3727 -0.1645
vn -0.5401 -0.7937 -0.2797
vn -0.9936 0.0963 -0.0592
vn -0.8715 -0.4231 -0.2481
vn -0.5015 -0.7918 -0.3486
vn -0.9905 -0.1359 -0.0197
vn -0.6818 -0.6606 -0.3143
vn -0.3250 -0.8061 -0.4946
vn -0.6743 -0.6676 0.3157
vn -0.1973 -0.8295 -0.5224
vn -0.4661 -0.8632 -0.1939
vn -0.5606 -0.7739 0.2947
vn -0.1651 -0.7346 -0.6581
vn -0.4233 -0.8776 -0.2248
vn -0.5018 -0.8433 0.1925
vn -0.2874 -0.5556 -0.7802
vn -0.4644 -0.7865 -0.4072
vn -0.9220 0.3844 -0.0464
vn -0.9220 0.3845 -0.0463
vn -0.9220 0.3845 -0.0464
vn -0.9220 0.3844 -0.0466
vn -0.6486 -0.6196 0.4420
vn 0.2902 -0.7186 0.6319
vn -0.9783 0.1993 0.0574
vn 0.8994 0.0012 0.4372
vn -0.3691 0.9192 -0.1373
vn 0.8994 0.0011 0.4372
vn -0.3691 0.9192 -0.1372
vn 0.5697 0.8202 0.0526
vn 0.2693 -0.5531 -0.7884
vn 0.2693 -0.5530 -0.7884
vn -0.0347 0.3486 -0.9366
vn 0.5561 -0.8263 0.0892
vn -0.0517 0.9769 -0.2072
vn 0.5391 -0.1979 0.8187
vn -0.0518 0.9769 -0.2072
vn 0.5391 -0.1980 0.8187
vn 0.2352 0.7037 0.6705
vn 0.2351 0.7037 0.6705
vn 0.6159 0.1709 -0.7691
vn 0.1976 -0.0012 -0.9803
vn 0.5378 0.3272 -0.7770
vn 0.2796 -0.0845 -0.9564
vn 0.8188 0.3869 -0.4241
vn 0.7367 0.5402 -0.4068
vn 0.5315 0.7753 -0.3412
vn 0.3631 0.5520 -0.7506
vn 0.0912 0.1422 -0.9856
vn 0.3886 0.8580 -0.3360
vn 0.3639 0.6061 -0.7072
vn 0.2278 0.1087 -0.9676
vn 0.6600 0.7037 -0.2632
vn 0.7710 0.3247 -0.5479
vn 0.6539 -0.2298 -0.7208
vn 0.9344 0.3561 -0.0080
vn 0.7650 -0.5320 -0.3631
vn 0.9546 -0.2206 -0.2001
vn 0.9236 0.2552 0.2859
vn 0.8018 -0.4894 -0.3428
vn 0.9812 -0.1789 -0.0728
vn 0.9866 0.0015 0.1629
vn 0.8142 0.3439 0.4678
vn 0.9131 -0.3535 -0.2030
vn 0.7763 -0.3118 0.5478
vn 0.6174 0.0909 0.7814
vn 0.7530 -0.6431 0.1391
vn 0.1686 -0.6276 0.7601
vn 0.1852 -0.2314 0.9551
vn -0.0347 -0.9569 0.2884
vn -0.1839 -0.2262 0.9566
vn -0.5107 -0.4737 0.7175
vn -0.7651 -0.6329 0.1188
vn -0.4226 -0.0416 0.9054
vn -0.8041 -0.0369 0.5933
vn -0.9950 -0.0938 0.0341
vn -0.4348 -0.0078 0.9005
vn -0.8528 -0.0222 0.5217
vn -0.9972 -0.0598 0.0452
vn -0.9732 -0.2289 0.0211
vn -0.8090 -0.2301 0.5409
vn -0.9765 -0.2155 -0.0071
vn -0.4807 -0.2299 0.8462
vn -0.8205 -0.3097 0.4805
vn -0.5092 -0.3241 0.7973
vn -0.6060 0.4782 0.6357
vn -0.2660 0.8870 0.3774
vn -0.8740 0.4322 0.2220
vn -0.4834 0.8211 0.3036
vn -0.9971 -0.0050 0.0765
vn -0.4730 0.8590 0.1960
vn -0.8485 0.5291 -0.0109
vn -0.9641 0.1172 -0.2382
vn -0.2610 0.9620 -0.0801
vn -0.4634 0.6831 -0.5645
vn -0.5296 0.2875 -0.7981
vn 0.0645 0.2634 -0.9625
vn 0.1481 0.7364 -0.6601
vn 0.2733 0.9314 -0.2406
vn 0.5156 0.5136 -0.6858
vn 0.4784 0.1506 -0.8651
vn 0.4650 0.8566 -0.2236
vn 0.8571 0.3968 -0.3286
vn 0.8780 -0.0689 -0.4738
vn 0.5820 0.8109 -0.0611
vn 0.9398 -0.3018 -0.1606
vn 0.9770 0.2070 0.0519
vn 0.7649 0.6058 0.2187
vn 0.8078 0.4742 0.3502
vn 0.9932 0.0686 0.0942
vn 0.9118 -0.3639 -0.1902
vn 0.7534 0.5115 0.4133
vn 0.9329 -0.3458 -0.1005
vn 0.9830 0.0755 0.1675
vn 0.5774 0.5309 0.6203
vn 0.8266 0.0034 0.5627
vn 0.7705 -0.4329 0.4679
vn 0.2706 0.0401 0.9619
vn 0.2426 0.5614 0.7912
vn 0.2366 -0.4287 0.8719
vn -0.0420 0.0701 0.9967
vn 0.0827 0.5665 0.8199
vn -0.1479 -0.3961 0.9062
vn -0.0123 0.5501 0.8350
vn -0.3734 -0.3673 0.8519
vn -0.2241 0.0925 0.9702
vn -0.1790 0.5561 0.8116
vn -0.5390 -0.3117 0.7825
vn -0.4069 0.1381 0.9030
vn 0.8184 0.3915 0.4206
vn 0.9635 -0.1177 0.2405
vn 0.2497 0.6684 0.7006
vn 0.4145 0.2987 0.8596
vn 0.5218 -0.2917 0.8017
vn 0.1254 0.6401 0.7580
vn -0.0839 -0.2630 0.9611
vn 0.0750 0.2985 0.9515
vn 0.0535 0.7240 0.6877
vn -0.3123 0.3215 0.8939
vn -0.4945 -0.1456 0.8569
vn -0.6405 0.5862 0.4960
vn -0.8825 0.0682 0.4653
vn -0.3028 0.8587 0.4134
vn -0.9428 0.2970 0.1513
vn -0.6149 0.7230 0.3149
vn -0.1917 0.9033 0.3839
vn -0.9132 0.3598 0.1912
vn -0.1037 0.8347 0.5408
vn -0.5818 0.6920 0.4274
vn -0.6358 0.6854 0.3549
vn -0.9334 0.3448 0.0995
vn -0.1812 0.8389 0.5132
vn -0.5276 0.8453 -0.0845
vn -0.2088 0.9474 0.2427
vn -0.7375 0.4405 -0.5119
vn 0.0071 0.9961 -0.0879
vn -0.0930 0.8541 -0.5118
vn -0.1823 0.4229 -0.8877
vn 0.2443 0.9654 -0.0914
vn 0.2244 0.7693 -0.5982
vn 0.1598 0.3958 -0.9043
vn 0.0694 0.4961 -0.8655
vn 0.1583 0.8451 -0.5106
vn 0.2027 0.9791 -0.0188
vn -0.0245 0.8918 -0.4518
vn -0.0890 0.5754 -0.8130
vn 0.0456 0.9988 0.0149
vn -0.2542 -0.8218 -0.5099
vn -0.1837 -0.9818 0.0477
vn -0.2595 -0.4469 -0.8561
vn 0.0453 -0.9934 -0.1052
vn -0.2492 -0.7756 -0.5799
vn -0.4575 -0.4762 -0.7510
vn -0.8582 -0.4506 -0.2460
vn -0.5612 -0.8124 -0.1583
vn -0.0469 -0.9989 -0.0050
vn -0.8994 -0.3977 0.1813
vn -0.5252 -0.7827 0.3340
vn -0.0755 -0.9260 0.3698
vn 0.0828 -0.8119 0.5778
vn -0.4518 -0.6644 0.5953
vn -0.8088 -0.3779 0.4505
vn -0.0102 -0.9637 0.2666
vn -0.2853 -0.5953 0.7511
vn -0.5189 -0.3479 0.7809
vn -0.2713 -0.4068 0.8723
vn -0.2841 -0.8214 0.4946
vn -0.2252 -0.9734 -0.0429
vn -0.4782 -0.8587 -0.1841
vn -0.5322 -0.7545 0.3841
vn -0.4361 -0.5109 0.7408
vn -0.7771 -0.5452 0.3144
vn -0.8328 -0.4933 -0.2510
vn -0.5306 -0.4531 0.7163
vn -0.9819 -0.1722 -0.0792
vn -0.8069 -0.3865 0.4468
vn -0.4828 -0.5157 0.7078
vn -0.7527 -0.4889 0.4409
vn -0.3533 -0.7017 0.6187
vn -0.9786 -0.1552 0.1352
vn -0.2221 -0.8752 0.4297
vn -0.6461 -0.6764 0.3537
vn -0.9294 -0.3366 0.1513
vn -0.6005 -0.7908 0.1189
vn -0.1734 -0.9773 0.1215
vn -0.9203 -0.3870 0.0572
vn -0.6317 -0.7690 -0.0978
vn -0.1895 -0.9772 -0.0953
vn -0.9228 -0.3746 -0.0900
vn -0.6311 -0.7565 -0.1716
vn -0.2036 -0.9666 -0.1559
vn -0.9161 -0.3727 -0.1481
vn -0.5037 -0.8639 0.0035
vn 0.4340 -0.8749 -0.2151
vn 0.8770 -0.0609 -0.4767
vn 0.8770 -0.0609 -0.4766
vn -0.9985 -0.0389 -0.0395
vn 0.3822 0.7641 -0.5196
vn -0.5555 0.7751 -0.3011
vn 0.0346 -0.3490 -0.9365
vn -0.2693 0.5527 -0.7887
vn -0.2693 0.5526 -0.7887
vn -0.5561 0.8263 0.0888
vn 0.0346 -0.3491 -0.9365
vn 0.0517 -0.9770 -0.2067
vn -0.5391 0.1984 0.8185
vn -0.5391 0.1983 0.8186
vn -0.2351 -0.7034 0.6708
vn -0.0565 -0.8711 0.4878
vn -0.0565 -0.8711 0.4879
vn -0.1869 -0.8647 -0.4662
vn -0.1329 -0.0529 0.9897
vn -0.3937 -0.0401 -0.9184
vn -0.1330 -0.0528 0.9897
vn -0.3397 0.7718 0.5375
vn -0.4701 0.7781 -0.4165
vn -0.5383 -0.7917 -0.2890
vn 0.4212 -0.8686 -0.2611
vn -0.9785 -0.0814 0.1896
vn 0.9404 -0.2353 0.2455
vn -0.9785 -0.0815 0.1895
vn 0.9404 -0.2353 0.2454
vn -0.4593 0.5518 0.6961
vn 0.5002 0.4749 0.7240
vn -0.4593 0.5519 0.6961
vn 0.5539 -0.1531 -0.8184
vn 0.9728 -0.1881 -0.1353
vn 0.8774 0.2478 -0.4109
vn 0.9983 -0.0586 -0.0015
vn 0.5701 0.5883 -0.5736
vn 0.8941 0.3780 -0.2402
vn 0.9946 -0.0843 -0.0605
vn 0.5502 0.7215 -0.4203
vn 0.8629 0.3410 -0.3729
vn 0.5303 0.6429 -0.5527
vn 0.3498 0.7232 -0.5955
vn 0.7360 0.5658 -0.3717
vn 0.9789 0.2027 0.0265
vn 0.1998 0.8309 -0.5194
vn 0.6744 0.6650 0.3208
vn 0.4681 0.8631 -0.1893
vn 0.2096 0.7103 -0.6719
vn 0.4409 0.8517 -0.2831
vn 0.5080 0.8130 0.2844
vn 0.1879 0.4891 -0.8518
vn 0.2268 0.8208 -0.5243
vn 0.2471 0.9645 0.0936
vn -0.0446 0.9930 -0.1090
vn 0.2493 0.7736 -0.5826
vn 0.4571 0.4741 -0.7525
vn 0.8582 0.4504 -0.2462
vn 0.5613 0.8122 -0.1587
vn 0.0470 0.9989 -0.0054
vn 0.8997 0.3974 0.1808
vn 0.5258 0.7825 0.3334
vn 0.0763 0.9261 0.3694
vn -0.1167 0.8148 0.5679
vn 0.4243 0.6821 0.5955
vn 0.7950 0.4001 0.4560
vn -0.1672 0.9519 0.2567
vn 0.1958 0.6737 0.7126
vn 0.4055 0.4255 0.8090
vn 0.2311 0.4625 0.8560
vn 0.2519 0.8037 0.5390
vn 0.2304 0.9718 -0.0493
vn 0.3930 0.5175 0.7601
vn 0.5804 0.7243 0.3722
vn 0.6336 0.7521 -0.1812
vn 0.2933 0.6604 0.6912
vn 0.5634 0.7687 -0.3028
vn 0.5151 0.8299 0.2142
vn 0.4112 0.8693 -0.2744
vn 0.1516 0.9501 0.2728
vn -0.1071 0.8193 0.5633
vn 0.4671 0.8818 -0.0649
vn -0.1015 0.9845 0.1433
vn -0.4484 0.8540 0.2638
vn -0.5621 0.8106 -0.1642
vn -0.0640 0.9786 -0.1953
vn 0.4413 0.8838 -0.1555
vn -0.5279 0.7553 -0.3884
vn 0.4157 0.8192 -0.3952
vn -0.0637 0.8934 -0.4447
vn -0.7004 -0.6225 -0.3492
vn -0.9264 0.3047 -0.2213
vn 0.2232 -0.8911 -0.3952
vn -0.9264 0.3048 -0.2213
vn -0.2288 0.9634 -0.1394
vn 0.9208 -0.2323 -0.3134
vn 0.9208 -0.2324 -0.3134
vn 0.6948 0.6949 -0.1855
vn 0.6948 0.6949 -0.1854
vn -0.1119 -0.8623 0.4938
vn -0.1938 -0.8635 -0.4656
vn -0.1119 -0.8623 0.4939
vn -0.1844 -0.0356 0.9822
vn -0.3481 -0.0380 -0.9367
vn -0.3387 0.7900 0.5111
vn -0.3388 0.7899 0.5112
vn -0.4206 0.7887 -0.4483
vn -0.4207 0.7887 -0.4483
vn 0.2710 0.8699 0.4121
vn -0.0499 0.8670 -0.4959
vn -0.0498 0.8670 -0.4959
vn -0.0705 0.0447 -0.9965
vn 0.5711 0.0506 0.8193
vn 0.2296 -0.7747 -0.5892
vn 0.5504 -0.7717 0.3187
vn 0.2296 -0.7746 -0.5892
vn -0.2890 -0.6290 0.7216
vn -0.1223 0.2918 0.9486
vn -0.4318 -0.8802 -0.1969
vn -0.0982 0.9614 0.2571
vn -0.4077 -0.2106 -0.8885
vn -0.0982 0.9614 0.2570
vn -0.2409 0.7102 -0.6615
vn -0.2410 0.7102 -0.6615
vn -0.2264 -0.4792 -0.8480
vn 0.1398 -0.4482 -0.8829
vn 0.0425 -0.0039 -0.9991
vn -0.1537 0.0016 -0.9881
vn 0.0375 0.0159 -0.9992
vn -0.7605 0.0067 -0.6493
vn 0.1833 -0.5048 -0.8435
vn 0.2461 -0.8409 -0.4820
vn 0.2374 -0.8153 -0.5281
vn -0.1612 -0.8730 -0.4604
vn 0.5919 -0.6503 -0.4762
vn -0.5622 -0.8206 -0.1025
vn 0.3723 0.2836 -0.8837
vn -0.7844 -0.5552 -0.2764
vn -0.5645 -0.7482 0.3488
vn -0.9998 0.0174 0.0115
vn -0.9060 -0.3796 0.1872
vn -0.5119 -0.7707 0.3793
vn -0.9976 0.0412 0.0550
vn -0.8454 -0.4651 0.2626
vn -0.5054 -0.8494 0.1518
vn -0.8779 -0.4780 0.0284
vn -0.4944 -0.8670 0.0616
vn -0.9936 -0.0340 -0.1073
vn -0.8234 -0.5550 -0.1183
vn -0.9564 -0.1113 -0.2700
vn -0.3388 -0.8258 -0.4509
vn -0.1191 -0.8659 0.4858
vn -0.1190 -0.8660 0.4857
vn -0.0427 -0.0539 0.9976
vn -0.0427 -0.0540 0.9976
vn -0.4822 0.0264 -0.8757
vn -0.1860 0.7983 0.5729
vn -0.4821 0.0264 -0.8757
vn -0.1861 0.7983 0.5728
vn -0.4058 0.8384 -0.3639
vn -0.4058 0.8384 -0.3638
vn 0.5065 -0.0543 -0.8606
vn 0.5065 -0.0543 -0.8605
vn 0.6613 -0.7261 -0.1884
vn 0.0874 0.7789 -0.6210
vn 0.0874 0.7790 -0.6210
vn 0.3970 -0.5648 0.7234
vn -0.1768 0.9403 0.2909
vn -0.0220 0.2684 0.9630
vn -0.0220 0.2684 0.9631
vn 0.5903 0.6548 -0.4721
vn 0.4554 0.7521 0.4764
vn 0.5902 0.6548 -0.4720
vn 0.3872 -0.1815 -0.9039
vn 0.3872 -0.1815 -0.9040
vn 0.1175 0.0130 0.9930
vn 0.0494 -0.9206 -0.3874
vn 0.1175 0.0128 0.9930
vn -0.0855 -0.8233 0.5611
vn 0.0425 0.3503 -0.9357
vn 0.3047 0.9286 -0.2117
vn -0.0041 -0.6017 -0.7987
vn -0.0040 -0.6017 -0.7987
vn 0.5203 0.5549 0.6491
vn 0.2115 -0.9754 0.0621
vn 0.2116 -0.9754 0.0622
vn 0.4737 -0.3971 0.7860
vn 0.9836 -0.0081 -0.1800
vn 0.9836 -0.0079 -0.1800
vn 0.5799 0.8002 0.1527
vn 0.4344 -0.6935 -0.5748
vn 0.5799 0.8003 0.1528
vn -0.3731 0.9233 0.0905
vn -0.5186 -0.5704 -0.6369
vn -0.3731 0.9233 0.0906
vn -0.5187 -0.5704 -0.6369
vn -0.9224 0.2380 -0.3042
vn -0.9224 0.2380 -0.3043
vn -0.5388 -0.8223 0.1830
vn 0.4211 -0.8749 0.2392
vn -0.9766 0.0348 0.2123
vn -0.9766 0.0349 0.2123
vn 0.9431 -0.0704 0.3249
vn -0.4545 0.8394 0.2980
vn 0.5053 0.7868 0.3543
vn 0.8673 0.4715 -0.1597
vn 0.0798 0.7810 -0.6195
vn 0.0798 0.7809 -0.6195
vn 0.8832 -0.4096 0.2283
vn -0.6918 0.2093 -0.6911
vn -0.6917 0.2093 -0.6912
vn 0.1117 -0.9813 0.1566
vn -0.6758 -0.6719 -0.3031
vn -0.6758 -0.6718 -0.3032
vn -0.5624 -0.8080 0.1756
vn -0.5623 -0.8080 0.1757
vn 0.3734 -0.8365 0.4011
vn -0.9986 0.0391 0.0367
vn 0.8729 -0.0178 0.4875
vn 0.8729 -0.0178 0.4876
vn -0.4990 0.8578 0.1231
vn 0.4367 0.8293 0.3486
vn 0.4367 0.8294 0.3485
vn 0.5764 0.5874 -0.5681
vn -0.3783 0.6153 -0.6916
vn 0.5761 0.5875 -0.5682
vn 0.9812 -0.1576 -0.1116
vn -0.9280 -0.1016 -0.3585
vn 0.4314 -0.8746 0.2214
vn -0.5231 -0.8466 0.0980
vn -0.5232 -0.8466 0.0979
vn 0.4284 -0.7536 0.4986
vn -0.5309 -0.6717 0.5166
vn 0.4283 -0.7536 0.4986
vn 0.9709 -0.0016 0.2393
vn -0.9476 0.1622 0.2753
vn 0.9710 -0.0015 0.2393
vn 0.5543 0.8323 -0.0021
vn -0.4050 0.9142 0.0159
vn -0.0096 -0.8493 -0.5279
vn -0.0097 -0.8492 -0.5279
vn 0.8001 -0.5954 -0.0728
vn -0.6955 -0.1936 -0.6920
vn 0.9240 0.3141 0.2183
vn -0.5717 0.7158 -0.4009
vn -0.5717 0.7159 -0.4008
vn 0.2380 0.9697 0.0542
vn 0.2381 0.9697 0.0543
vn 0.8108 0.5852 -0.0126
vn 0.6574 -0.0105 -0.7535
vn 0.8108 0.5851 -0.0126
vn 0.3571 0.4397 0.8241
vn 0.0502 -0.7517 -0.6576
vn -0.2500 -0.3015 0.9201
vn -0.4035 -0.8972 0.1793
vn -0.2501 -0.3015 0.9201
vn -0.4036 -0.8972 0.1792
vt 0.000000 0.000000
s 1
f 134/2/134 135/2/134 136/2/135
f 135/2/134 134/2/134 137/2/134
f 138/2/134 137/2/134 134/2/134
f 137/2/134 138/2/134 139/2/136
f 140/2/137 141/2/138 142/2/139
f 143/2/140 142/2/139 141/2/138
f 141/2/138 140/2/137 144/2/141
f 142/2/139 143/2/140 145/2/142
f 146/2/143 144/2/141 140/2/137
f 147/2/144 145/2/142 143/2/140
f 144/2/141 146/2/143 148/2/145
f 145/2/142 147/2/144 149/2/146
f 146/2/143 150/2/147 148/2/145
f 151/2/148 149/2/146 147/2/144
f 146/2/143 151/2/148 150/2/147
f 151/2/148 147/2/144 150/2/147
f 152/2/149 153/2/150 154/2/151
f 155/2/152 156/2/153 153/2/150
f 157/2/154 154/2/151 153/2/150
f 153/2/150 156/2/153 157/2/154
f 158/2/155 154/2/151 157/2/154
f 157/2/154 159/2/156 158/2/155
f 156/2/153 160/2/157 157/2/154
f 159/2/156 157/2/154 160/2/157
f 160/2/157 156/2/153 161/2/158
f 160/2/157 162/2/159 159/2/156
f 161/2/158 163/2/160 160/2/157
f 162/2/159 160/2/157 163/2/160
f 163/2/160 161/2/158 164/2/161
f 165/2/162 163/2/160 164/2/161
f 163/2/160 166/2/163 162/2/159
f 166/2/163 163/2/160 165/2/162
f 167/2/164 162/2/159 166/2/163
f 166/2/163 168/2/165 167/2/164
f 165/2/162 169/2/166 166/2/163
f 168/2/165 166/2/163 169/2/166
f 169/2/166 165/2/162 170/2/167
f 169/2/166 171/2/168 168/2/165
f 170/2/167 172/2/169 169/2/166
f 171/2/168 169/2/166 172/2/169
f 172/2/169 170/2/167 173/2/170
f 172/2/169 174/2/171 171/2/168
f 175/2/172 172/2/169 173/2/170
f 174/2/171 172/2/169 176/2/173
f 172/2/169 175/2/172 176/2/173
f 176/2/173 177/2/174 174/2/171
f 175/2/172 178/2/175 176/2/173
f 177/2/174 176/2/173 178/2/175
f 178/2/175 175/2/172 179/2/176
f 178/2/175 180/2/177 177/2/174
f 179/2/176 180/2/177 178/2/175
f 177/2/174 180/2/177 181/2/178
f 180/2/177 179/2/176 182/2/179
f 183/2/180 181/2/178 180/2/177
f 182/2/179 183/2/180 180/2/177
f 181/2/178 183/2/180 184/2/181
f 183/2/180 182/2/179 185/2/182
f 186/2/183 187/2/183 188/2/183
f 187/2/183 186/2/183 189/2/183
f 190/2/183 189/2/183 186/2/183
f 189/2/183 190/2/183 191/2/184
f 192/2/185 193/2/186 194/2/187
f 195/2/188 194/2/187 193/2/186
f 193/2/186 192/2/185 196/2/189
f 193/2/186 197/2/190 195/2/188
f 198/2/191 196/2/189 192/2/185
f 199/2/192 195/2/188 197/2/190
f 196/2/189 198/2/191 200/2/191
f 197/2/190 201/2/193 199/2/192
f 202/2/194 200/2/191 198/2/191
f 201/2/193 202/2/194 199/2/192
f 200/2/191 202/2/194 203/2/195
f 202/2/194 201/2/193 203/2/195
f 204/2/196 205/2/196 206/2/196
f 205/2/196 204/2/196 207/2/197
f 204/2/196 206/2/196 208/2/198
f 208/2/198 206/2/196 209/2/198
f 210/2/199 211/2/200 212/2/201
f 211/2/200 210/2/199 213/2/202
f 212/2/201 214/2/203 210/2/199
f 215/2/204 211/2/200 213/2/202
f 212/2/201 216/2/205 214/2/203
f 211/2/200 215/2/204 217/2/204
f 218/2/206 214/2/203 216/2/205
f 219/2/207 217/2/204 215/2/204
f 214/2/203 218/2/206 220/2/208
f 219/2/207 220/2/208 218/2/206
f 220/2/208 219/2/207 221/2/209
f 219/2/207 215/2/204 221/2/209
f 222/2/210 223/2/211 224/2/211
f 223/2/211 222/2/210 225/2/212
f 224/2/211 226/2/210 222/2/210
f 226/2/210 224/2/211 227/2/210
f 228/2/213 229/2/214 230/2/215
f 231/2/216 230/2/215 229/2/214
f 230/2/215 232/2/217 228/2/213
f 230/2/215 231/2/216 233/2/216
f 232/2/217 234/2/218 228/2/213
f 235/2/219 233/2/216 231/2/216
f 232/2/217 236/2/220 234/2/218
f 233/2/216 235/2/219 237/2/221
f 238/2/222 234/2/218 236/2/220
f 238/2/222 237/2/221 235/2/219
f 234/2/218 238/2/222 239/2/223
f 235/2/219 239/2/223 238/2/222
f 240/2/224 241/2/224 242/2/224
f 241/2/224 240/2/224 243/2/224
f 244/2/225 243/2/224 240/2/224
f 243/2/224 244/2/225 245/2/225
f 246/2/226 247/2/227 248/2/227
f 249/2/228 248/2/227 247/2/227
f 247/2/227 246/2/226 250/2/229
f 249/2/228 247/2/227 251/2/230
f 246/2/226 252/2/231 250/2/229
f 251/2/230 253/2/232 249/2/228
f 246/2/226 254/2/233 252/2/231
f 253/2/232 251/2/230 255/2/234
f 256/2/235 252/2/231 254/2/233
f 255/2/234 256/2/235 253/2/232
f 252/2/231 256/2/235 257/2/236
f 256/2/235 255/2/234 257/2/236
f 258/2/237 259/2/238 260/2/239
f 259/2/238 258/2/237 261/2/238
f 259/2/238 261/2/238 262/2/238
f 262/2/238 261/2/238 263/2/238
f 264/2/240 265/2/241 266/2/242
f 265/2/241 264/2/240 267/2/243
f 268/2/244 266/2/242 265/2/241
f 264/2/240 269/2/245 267/2/243
f 266/2/242 268/2/244 270/2/246
f 269/2/245 264/2/240 271/2/247
f 268/2/244 272/2/248 270/2/246
f 273/2/249 269/2/245 271/2/247
f 268/2/244 274/2/250 272/2/248
f 271/2/247 275/2/251 273/2/249
f 274/2/250 273/2/249 275/2/251
f 274/2/250 275/2/251 272/2/248
f 276/2/252 277/2/252 278/2/253
f 276/2/252 278/2/253 279/2/252
f 280/2/254 277/2/252 276/2/252
f 277/2/252 280/2/254 281/2/255
f 282/2/256 283/2/256 284/2/257
f 282/2/256 284/2/257 285/2/258
f 283/2/256 282/2/256 286/2/259
f 283/2/256 286/2/259 287/2/256
f 288/2/260 289/2/261 290/2/261
f 289/2/261 288/2/260 291/2/260
f 292/2/262 290/2/261 289/2/261
f 288/2/260 293/2/263 291/2/260
f 290/2/261 292/2/262 294/2/264
f 288/2/260 295/2/265 293/2/263
f 292/2/262 296/2/266 294/2/264
f 297/2/267 293/2/263 295/2/265
f 296/2/266 292/2/262 298/2/268
f 297/2/267 296/2/266 298/2/268
f 293/2/263 297/2/267 299/2/269
f 297/2/267 298/2/268 299/2/269
f 300/2/270 301/2/271 302/2/272
f 300/2/270 302/2/272 303/2/273
f 301/2/271 304/2/274 302/2/272
f 305/2/275 300/2/270 303/2/273
f 301/2/271 306/2/276 304/2/274
f 300/2/270 305/2/275 307/2/277
f 308/2/278 304/2/274 306/2/276
f 305/2/275 309/2/279 307/2/277
f 304/2/274 308/2/278 310/2/280
f 309/2/279 310/2/280 308/2/278
f 309/2/279 305/2/275 311/2/281
f 310/2/280 309/2/279 311/2/281
f 312/2/282 313/2/282 314/2/282
f 313/2/282 312/2/282 315/2/282
f 313/2/282 315/2/282 316/2/282
f 316/2/282 315/2/282 317/2/283
f 318/2/284 319/2/285 320/2/286
f 321/2/287 320/2/286 319/2/285
f 319/2/285 318/2/284 322/2/288
f 319/2/285 323/2/287 321/2/287
f 324/2/289 322/2/288 318/2/284
f 323/2/287 325/2/290 321/2/287
f 318/2/284 326/2/291 324/2/289
f 325/2/290 323/2/287 327/2/292
f 328/2/293 324/2/289 326/2/291
f 329/2/293 325/2/290 327/2/292
f 324/2/289 328/2/293 329/2/293
f 325/2/290 329/2/293 328/2/293
f 330/2/294 331/2/294 332/2/294
f 331/2/294 330/2/294 333/2/294
f 332/2/294 334/2/294 330/2/294
f 334/2/294 332/2/294 335/2/294
f 336/2/295 337/2/296 338/2/296
f 339/2/297 338/2/296 337/2/296
f 338/2/296 340/2/298 336/2/295
f 338/2/296 339/2/297 341/2/299
f 340/2/298 342/2/300 336/2/295
f 339/2/297 343/2/301 341/2/299
f 342/2/300 340/2/298 344/2/300
f 343/2/301 339/2/297 345/2/302
f 346/2/303 342/2/300 344/2/300
f 347/2/303 343/2/301 345/2/302
f 342/2/300 346/2/303 347/2/303
f 343/2/301 347/2/303 346/2/303
f 348/2/304 349/2/305 350/2/306
f 349/2/305 348/2/304 351/2/305
f 350/2/306 352/2/307 348/2/304
f 352/2/307 350/2/306 353/2/304
f 354/2/308 355/2/309 356/2/310
f 356/2/310 357/2/311 354/2/308
f 358/2/312 356/2/310 355/2/309
f 357/2/311 359/2/313 354/2/308
f 358/2/312 355/2/309 360/2/314
f 359/2/313 357/2/311 361/2/315
f 362/2/316 358/2/312 360/2/314
f 363/2/317 359/2/313 361/2/315
f 358/2/312 362/2/316 364/2/318
f 359/2/313 363/2/317 365/2/317
f 365/2/317 364/2/318 362/2/316
f 364/2/318 365/2/317 363/2/317
f 366/2/319 367/2/319 368/2/320
f 367/2/319 366/2/319 369/2/319
f 370/2/319 369/2/319 366/2/319
f 369/2/319 370/2/319 371/2/321
f 372/2/322 373/2/323 374/2/324
f 375/2/325 374/2/324 373/2/323
f 374/2/324 376/2/326 372/2/322
f 374/2/324 375/2/325 377/2/325
f 378/2/327 372/2/322 376/2/326
f 379/2/328 377/2/325 375/2/325
f 376/2/326 380/2/329 378/2/327
f 377/2/325 379/2/328 381/2/330
f 380/2/329 382/2/331 378/2/327
f 382/2/331 381/2/330 379/2/328
f 382/2/331 380/2/329 383/2/332
f 381/2/330 382/2/331 383/2/332
f 384/2/333 385/2/333 386/2/334
f 385/2/333 384/2/333 387/2/335
f 388/2/334 386/2/334 385/2/333
f 386/2/334 388/2/334 389/2/334
f 390/2/336 391/2/336 392/2/337
f 393/2/336 391/2/336 390/2/336
f 391/2/336 393/2/336 394/2/336
f 394/2/336 393/2/336 395/2/338
f 396/2/339 397/2/340 398/2/341
f 399/2/342 398/2/341 397/2/340
f 398/2/341 400/2/343 396/2/339
f 398/2/341 399/2/342 401/2/344
f 402/2/345 396/2/339 400/2/343
f 403/2/346 401/2/344 399/2/342
f 400/2/343 404/2/347 402/2/345
f 401/2/344 403/2/346 405/2/348
f 404/2/347 406/2/349 402/2/345
f 406/2/349 405/2/348 403/2/346
f 404/2/347 407/2/350 406/2/349
f 405/2/348 406/2/349 407/2/350
f 408/2/351 409/2/352 410/2/353
f 409/2/352 411/2/354 410/2/353
f 409/2/352 408/2/351 412/2/355
f 411/2/354 409/2/352 413/2/354
f 414/2/356 412/2/355 408/2/351
f 415/2/357 411/2/354 413/2/354
f 414/2/356 408/2/351 416/2/358
f 411/2/354 415/2/357 417/2/357
f 418/2/359 414/2/356 416/2/358
f 415/2/357 419/2/360 417/2/357
f 416/2/358 419/2/360 418/2/359
f 415/2/357 418/2/359 419/2/360
f 420/2/361 421/2/362 422/2/363
f 421/2/362 420/2/361 423/2/361
f 422/2/363 421/2/362 424/2/363
f 422/2/363 424/2/363 425/2/364
f 426/2/365 427/2/366 428/2/367
f 429/2/368 428/2/367 427/2/366
f 428/2/367 430/2/369 426/2/365
f 428/2/367 429/2/368 431/2/370
f 432/2/371 426/2/365 430/2/369
f 433/2/372 431/2/370 429/2/368
f 426/2/365 432/2/371 434/2/371
f 431/2/370 433/2/372 435/2/372
f 432/2/371 436/2/373 434/2/371
f 437/2/374 435/2/372 433/2/372
f 432/2/371 437/2/374 436/2/373
f 437/2/374 433/2/372 436/2/373
f 438/2/375 439/2/375 440/2/375
f 441/2/376 439/2/375 438/2/375
f 439/2/375 441/2/376 442/2/377
f 442/2/377 441/2/376 443/2/378
f 444/2/379 445/2/380 446/2/380
f 447/2/381 446/2/380 445/2/380
f 446/2/380 448/2/382 444/2/379
f 446/2/380 447/2/381 449/2/383
f 450/2/384 444/2/379 448/2/382
f 447/2/381 451/2/385 449/2/383
f 448/2/382 452/2/386 450/2/384
f 451/2/385 447/2/381 453/2/385
f 452/2/386 454/2/387 450/2/384
f 454/2/387 451/2/385 453/2/385
f 452/2/386 455/2/387 454/2/387
f 451/2/385 454/2/387 455/2/387
f 456/2/388 457/2/389 458/2/390
f 459/2/391 458/2/390 460/2/392
f 458/2/390 461/2/393 456/2/388
f 461/2/393 458/2/390 459/2/391
f 462/2/394 456/2/388 461/2/393
f 461/2/393 463/2/395 462/2/394
f 459/2/391 464/2/396 461/2/393
f 463/2/395 461/2/393 464/2/396
f 464/2/396 459/2/391 465/2/397
f 465/2/397 466/2/398 464/2/396
f 464/2/396 467/2/399 463/2/395
f 464/2/396 466/2/398 467/2/399
f 463/2/395 467/2/399 468/2/400
f 469/2/401 467/2/399 466/2/398
f 467/2/399 470/2/402 468/2/400
f 467/2/399 469/2/401 470/2/402
f 468/2/400 470/2/402 471/2/403
f 470/2/402 472/2/404 471/2/403
f 469/2/401 473/2/405 470/2/402
f 472/2/404 470/2/402 473/2/405
f 473/2/405 469/2/401 474/2/406
f 473/2/405 475/2/407 472/2/404
f 474/2/406 476/2/408 473/2/405
f 475/2/407 473/2/405 476/2/408
f 476/2/408 474/2/406 477/2/409
f 477/2/409 478/2/410 476/2/408
f 479/2/411 475/2/407 476/2/408
f 479/2/411 476/2/408 478/2/410
f 475/2/407 479/2/411 480/2/412
f 478/2/410 481/2/413 479/2/411
f 479/2/411 482/2/414 480/2/412
f 483/2/415 479/2/411 481/2/413
f 482/2/414 479/2/411 483/2/415
f 481/2/413 484/2/416 483/2/415
f 485/2/417 482/2/414 483/2/415
f 483/2/415 484/2/416 485/2/417
f 482/2/414 485/2/417 486/2/418
f 485/2/417 487/2/419 486/2/418
f 484/2/416 488/2/420 485/2/417
f 487/2/419 485/2/417 488/2/420
f 488/2/420 484/2/416 489/2/421
f 488/2/420 490/2/422 487/2/419
f 489/2/421 490/2/422 488/2/420
f 490/2/422 489/2/421 491/2/423
f 487/2/419 490/2/422 492/2/424
f 491/2/423 493/2/425 490/2/422
f 490/2/422 494/2/426 492/2/424
f 490/2/422 493/2/425 494/2/426
f 492/2/424 494/2/426 495/2/427
f 493/2/425 496/2/428 494/2/426
f 494/2/426 497/2/429 495/2/427
f 494/2/426 496/2/428 497/2/429
f 495/2/427 497/2/429 498/2/430
f 499/2/431 497/2/429 496/2/428
f 500/2/432 498/2/430 497/2/429
f 497/2/429 499/2/431 500/2/432
f 498/2/430 500/2/432 501/2/433
f 502/2/434 500/2/432 499/2/431
f 500/2/432 503/2/435 501/2/433
f 500/2/432 502/2/434 504/2/436
f 503/2/435 500/2/432 504/2/436
f 505/2/437 506/2/438 507/2/437
f 506/2/438 505/2/437 508/2/438
f 505/2/437 507/2/437 509/2/437
f 507/2/437 510/2/439 509/2/437
f 511/2/440 512/2/441 513/2/442
f 512/2/441 511/2/440 514/2/443
f 513/2/442 515/2/444 511/2/440
f 516/2/445 512/2/441 514/2/443
f 513/2/442 517/2/446 515/2/444
f 512/2/441 516/2/445 518/2/447
f 519/2/448 515/2/444 517/2/446
f 516/2/445 520/2/449 518/2/447
f 515/2/444 519/2/448 521/2/450
f 520/2/449 516/2/445 522/2/451
f 522/2/451 521/2/450 519/2/448
f 519/2/448 520/2/449 522/2/451
f 523/2/452 524/2/452 525/2/452
f 526/2/452 524/2/452 523/2/452
f 526/2/452 527/2/453 524/2/452
f 527/2/453 526/2/452 528/2/452
f 529/2/454 530/2/455 531/2/456
f 532/2/457 531/2/456 530/2/455
f 531/2/456 533/2/458 529/2/454
f 531/2/456 532/2/457 534/2/457
f 535/2/459 529/2/454 533/2/458
f 536/2/460 534/2/457 532/2/457
f 533/2/458 537/2/461 535/2/459
f 534/2/457 536/2/460 538/2/462
f 537/2/461 539/2/463 535/2/459
f 540/2/463 538/2/462 536/2/460
f 539/2/463 537/2/461 540/2/463
f 540/2/463 536/2/460 539/2/463
f 541/2/464 542/2/465 543/2/466
f 542/2/465 544/2/467 543/2/466
f 542/2/465 545/2/468 544/2/467
f 545/2/468 546/2/469 544/2/467
f 544/2/467 547/2/470 543/2/466
f 547/2/470 544/2/467 548/2/471
f 544/2/467 549/2/472 548/2/471
f 550/2/473 543/2/466 547/2/470
f 541/2/464 543/2/466 550/2/473
f 550/2/473 547/2/470 551/2/474
f 551/2/474 552/2/475 550/2/473
f 549/2/472 544/2/467 553/2/476
f 553/2/476 544/2/467 546/2/469
f 553/2/476 554/2/477 549/2/472
f 550/2/473 555/2/478 541/2/464
f 550/2/473 552/2/475 555/2/478
f 541/2/464 555/2/478 556/2/479
f 557/2/480 555/2/478 552/2/475
f 558/2/481 556/2/479 555/2/478
f 558/2/481 555/2/478 557/2/480
f 559/2/482 556/2/479 558/2/481
f 558/2/481 557/2/480 560/2/483
f 558/2/481 561/2/484 559/2/482
f 562/2/485 558/2/481 560/2/483
f 561/2/484 558/2/481 562/2/485
f 562/2/485 560/2/483 563/2/486
f 562/2/485 564/2/487 561/2/484
f 565/2/488 562/2/485 563/2/486
f 564/2/487 562/2/485 565/2/488
f 563/2/486 566/2/489 565/2/488
f 566/2/489 564/2/487 565/2/488
f 566/2/489 563/2/486 567/2/490
f 564/2/487 566/2/489 568/2/491
f 554/2/477 553/2/476 569/2/492
f 546/2/469 569/2/492 553/2/476
f 569/2/492 570/2/493 554/2/477
f 569/2/492 546/2/469 571/2/494
f 570/2/493 569/2/492 572/2/495
f 571/2/494 572/2/495 569/2/492
f 572/2/495 573/2/496 570/2/493
f 572/2/495 571/2/494 574/2/497
f 574/2/497 575/2/498 572/2/495
f 573/2/496 572/2/495 575/2/498
f 575/2/498 574/2/497 576/2/499
f 575/2/498 577/2/500 573/2/496
f 576/2/499 577/2/500 575/2/498
f 578/2/501 573/2/496 577/2/500
f 577/2/500 576/2/499 579/2/502
f 577/2/500 580/2/503 578/2/501
f 579/2/502 581/2/504 577/2/500
f 580/2/503 577/2/500 582/2/505
f 581/2/504 582/2/505 577/2/500
f 583/2/506 580/2/503 582/2/505
f 581/2/504 583/2/506 582/2/505
f 583/2/506 581/2/504 584/2/507
f 580/2/503 583/2/506 585/2/508
f 584/2/507 586/2/509 583/2/506
f 587/2/510 585/2/508 583/2/506
f 583/2/506 586/2/509 587/2/510
f 585/2/508 587/2/510 588/2/511
f 587/2/510 152/2/149 588/2/511
f 586/2/509 589/2/512 587/2/510
f 152/2/149 587/2/510 589/2/512
f 589/2/512 586/2/509 590/2/513
f 590/2/513 155/2/152 589/2/512
f 589/2/512 153/2/150 152/2/149
f 153/2/150 589/2/512 155/2/152
f 591/2/514 592/2/514 593/2/514
f 594/2/514 592/2/514 591/2/514
f 594/2/514 595/2/514 592/2/514
f 595/2/514 594/2/514 596/2/515
f 597/2/516 598/2/517 599/2/518
f 598/2/517 597/2/516 600/2/519
f 601/2/520 599/2/518 598/2/517
f 599/2/518 601/2/520 602/2/521
f 603/2/522 604/2/522 605/2/523
f 604/2/522 603/2/522 606/2/522
f 607/2/522 606/2/522 603/2/522
f 606/2/522 607/2/522 608/2/524
f 609/2/525 610/2/526 611/2/527
f 612/2/528 611/2/527 610/2/526
f 611/2/527 613/2/529 609/2/525
f 611/2/527 612/2/528 614/2/530
f 613/2/529 615/2/531 609/2/525
f 616/2/532 614/2/530 612/2/528
f 613/2/529 617/2/533 615/2/531
f 614/2/530 616/2/532 618/2/534
f 619/2/535 615/2/531 617/2/533
f 619/2/535 618/2/534 616/2/532
f 617/2/533 620/2/536 619/2/535
f 618/2/534 619/2/535 620/2/536
f 621/2/537 622/2/537 623/2/538
f 624/2/539 622/2/537 621/2/537
f 622/2/537 624/2/539 625/2/540
f 625/2/540 624/2/539 626/2/541
f 627/2/542 628/2/543 629/2/544
f 630/2/545 629/2/544 628/2/543
f 629/2/544 631/2/546 627/2/542
f 629/2/544 630/2/545 632/2/547
f 631/2/546 633/2/548 627/2/542
f 634/2/549 632/2/547 630/2/545
f 633/2/548 631/2/546 635/2/548
f 632/2/547 634/2/549 636/2/550
f 635/2/548 637/2/551 633/2/548
f 638/2/552 636/2/550 634/2/549
f 637/2/551 635/2/548 638/2/552
f 638/2/552 634/2/549 637/2/551
f 639/2/553 640/2/554 641/2/555
f 640/2/554 642/2/556 641/2/555
f 641/2/555 643/2/557 639/2/553
f 642/2/556 644/2/558 641/2/555
f 645/2/559 641/2/555 644/2/558
f 643/2/557 641/2/555 645/2/559
f 646/2/560 645/2/559 644/2/558
f 647/2/561 643/2/557 645/2/559
f 645/2/559 646/2/560 647/2/561
f 643/2/557 647/2/561 648/2/562
f 646/2/560 649/2/563 647/2/561
f 647/2/561 650/2/564 648/2/562
f 647/2/561 649/2/563 650/2/564
f 651/2/565 648/2/562 650/2/564
f 649/2/563 652/2/566 650/2/564
f 650/2/564 652/2/566 651/2/565
f 652/2/566 649/2/563 653/2/567
f 651/2/565 652/2/566 654/2/568
f 655/2/569 652/2/566 653/2/567
f 656/2/570 654/2/568 652/2/566
f 656/2/570 652/2/566 655/2/569
f 657/2/571 654/2/568 656/2/570
f 656/2/570 655/2/569 658/2/572
f 656/2/570 659/2/573 657/2/571
f 659/2/573 656/2/570 660/2/574
f 660/2/574 656/2/570 658/2/572
f 660/2/574 661/2/575 659/2/573
f 658/2/572 662/2/576 660/2/574
f 661/2/575 660/2/574 662/2/576
f 662/2/576 658/2/572 663/2/577
f 662/2/576 664/2/578 661/2/575
f 663/2/577 665/2/579 662/2/576
f 664/2/578 662/2/576 665/2/579
f 665/2/579 663/2/577 666/2/580
f 666/2/580 667/2/581 665/2/579
f 665/2/579 668/2/582 664/2/578
f 665/2/579 667/2/581 668/2/582
f 668/2/582 669/2/583 664/2/578
f 667/2/581 670/2/584 668/2/582
f 668/2/582 671/2/585 669/2/583
f 671/2/585 668/2/582 670/2/584
f 672/2/586 669/2/583 671/2/585
f 670/2/584 673/2/587 671/2/585
f 671/2/585 674/2/588 672/2/586
f 675/2/589 671/2/585 673/2/587
f 674/2/588 671/2/585 675/2/589
f 673/2/587 676/2/590 675/2/589
f 674/2/588 675/2/589 676/2/590
f 676/2/590 673/2/587 677/2/591
f 678/2/592 674/2/588 676/2/590
f 679/2/593 680/2/593 681/2/593
f 680/2/593 679/2/593 682/2/593
f 683/2/593 682/2/593 679/2/593
f 682/2/593 683/2/593 684/2/593
f 685/2/594 686/2/594 687/2/595
f 686/2/594 685/2/594 688/2/596
f 687/2/595 686/2/594 689/2/595
f 687/2/595 689/2/595 690/2/597
f 691/2/598 692/2/599 693/2/600
f 692/2/599 691/2/598 694/2/601
f 693/2/600 695/2/602 691/2/598
f 696/2/603 692/2/599 694/2/601
f 693/2/600 697/2/602 695/2/602
f 692/2/599 696/2/603 698/2/604
f 697/2/602 699/2/605 695/2/602
f 700/2/606 698/2/604 696/2/603
f 697/2/602 701/2/607 699/2/605
f 698/2/604 700/2/606 702/2/608
f 702/2/608 699/2/605 701/2/607
f 699/2/605 702/2/608 700/2/606
f 703/2/609 704/2/610 705/2/611
f 706/2/612 703/2/609 705/2/611
f 704/2/610 703/2/609 707/2/610
f 703/2/609 706/2/612 708/2/613
f 709/2/614 704/2/610 707/2/610
f 710/2/615 708/2/613 706/2/612
f 707/2/610 711/2/616 709/2/614
f 708/2/613 710/2/615 712/2/617
f 711/2/616 713/2/618 709/2/614
f 710/2/615 714/2/619 712/2/617
f 713/2/618 711/2/616 714/2/619
f 714/2/619 710/2/615 713/2/618
f 715/2/620 716/2/621 717/2/622
f 716/2/621 715/2/620 718/2/623
f 718/2/623 715/2/620 719/2/624
f 718/2/623 719/2/624 720/2/625
f 721/2/626 722/2/626 723/2/626
f 722/2/626 721/2/626 724/2/626
f 725/2/626 724/2/626 721/2/626
f 724/2/626 725/2/626 726/2/626
f 727/2/627 728/2/628 729/2/629
f 727/2/627 729/2/629 730/2/630
f 731/2/631 727/2/627 730/2/630
f 731/2/631 730/2/630 732/2/632
f 733/2/633 728/2/628 727/2/627
f 731/2/631 733/2/633 727/2/627
f 733/2/633 734/2/634 728/2/628
f 735/2/635 728/2/628 734/2/634
f 733/2/633 731/2/631 736/2/636
f 737/2/637 731/2/631 732/2/632
f 731/2/631 738/2/638 736/2/636
f 739/2/639 728/2/628 735/2/635
f 739/2/639 729/2/629 728/2/628
f 735/2/635 740/2/640 739/2/639
f 741/2/641 729/2/629 739/2/639
f 738/2/638 731/2/631 742/2/642
f 742/2/642 731/2/631 737/2/637
f 742/2/642 743/2/643 738/2/638
f 739/2/639 740/2/640 640/2/554
f 739/2/639 640/2/554 741/2/641
f 741/2/641 640/2/554 744/2/644
f 740/2/640 642/2/556 640/2/554
f 640/2/554 639/2/553 744/2/644
f 743/2/643 742/2/642 745/2/645
f 737/2/637 745/2/645 742/2/642
f 745/2/645 746/2/646 743/2/643
f 745/2/645 737/2/637 747/2/647
f 746/2/646 745/2/645 748/2/648
f 747/2/647 748/2/648 745/2/645
f 748/2/648 749/2/649 746/2/646
f 748/2/648 747/2/647 750/2/650
f 749/2/649 748/2/648 751/2/651
f 750/2/650 751/2/651 748/2/648
f 751/2/651 752/2/652 749/2/649
f 751/2/651 750/2/650 753/2/653
f 752/2/652 751/2/651 754/2/654
f 753/2/653 754/2/654 751/2/651
f 754/2/654 753/2/653 755/2/655
f 754/2/654 756/2/656 752/2/652
f 757/2/657 754/2/654 755/2/655
f 756/2/656 754/2/654 758/2/658
f 754/2/654 757/2/657 758/2/658
f 758/2/658 457/2/389 756/2/656
f 757/2/657 759/2/659 758/2/658
f 457/2/389 758/2/658 759/2/659
f 759/2/659 757/2/657 760/2/660
f 460/2/392 759/2/659 760/2/660
f 759/2/659 458/2/390 457/2/389
f 458/2/390 759/2/659 460/2/392
f 761/2/661 762/2/662 763/2/663
f 764/2/664 763/2/663 762/2/662
f 762/2/662 765/2/665 764/2/664
f 765/2/665 762/2/662 766/2/666
f 762/2/662 767/2/667 766/2/666
f 768/2/668 767/2/667 762/2/662
f 762/2/662 761/2/661 768/2/668
f 763/2/663 769/2/669 761/2/661
f 770/2/670 768/2/668 761/2/661
f 771/2/671 761/2/661 769/2/669
f 761/2/661 771/2/671 770/2/670
f 770/2/670 771/2/671 772/2/672
f 769/2/669 773/2/673 771/2/671
f 771/2/671 774/2/674 772/2/672
f 774/2/674 771/2/671 775/2/675
f 773/2/673 775/2/675 771/2/671
f 775/2/675 776/2/676 774/2/674
f 773/2/673 777/2/677 775/2/675
f 776/2/676 775/2/675 777/2/677
f 777/2/677 773/2/673 778/2/678
f 777/2/677 779/2/679 776/2/676
f 778/2/678 780/2/680 777/2/677
f 779/2/679 777/2/677 780/2/680
f 780/2/680 778/2/678 781/2/681
f 781/2/681 782/2/682 780/2/680
f 783/2/683 779/2/679 780/2/680
f 782/2/682 783/2/683 780/2/680
f 784/2/684 779/2/679 783/2/683
f 785/2/685 783/2/683 782/2/682
f 783/2/683 786/2/686 784/2/684
f 786/2/686 783/2/683 785/2/685
f 787/2/687 784/2/684 786/2/686
f 785/2/685 788/2/688 786/2/686
f 786/2/686 788/2/688 787/2/687
f 788/2/688 785/2/685 789/2/689
f 787/2/687 788/2/688 790/2/690
f 789/2/689 791/2/691 788/2/688
f 792/2/692 790/2/690 788/2/688
f 792/2/692 788/2/688 791/2/691
f 790/2/690 792/2/692 793/2/693
f 791/2/691 794/2/694 792/2/692
f 792/2/692 794/2/694 793/2/693
f 794/2/694 791/2/691 795/2/695
f 793/2/693 794/2/694 796/2/696
f 795/2/695 797/2/697 794/2/694
f 797/2/697 796/2/696 794/2/694
f 797/2/697 795/2/695 798/2/698
f 799/2/699 796/2/696 797/2/697
f 798/2/698 800/2/700 797/2/697
f 797/2/697 801/2/701 799/2/699
f 801/2/701 797/2/697 802/2/702
f 802/2/702 797/2/697 800/2/700
f 802/2/702 803/2/703 801/2/701
f 803/2/703 802/2/702 804/2/704
f 800/2/700 804/2/704 802/2/702
f 804/2/704 800/2/700 805/2/705
f 806/2/706 807/2/707 808/2/708
f 809/2/709 810/2/710 808/2/708
f 808/2/708 811/2/711 806/2/706
f 812/2/712 808/2/708 810/2/710
f 811/2/711 808/2/708 812/2/712
f 810/2/710 813/2/713 812/2/712
f 812/2/712 814/2/714 811/2/711
f 815/2/715 812/2/712 813/2/713
f 814/2/714 812/2/712 815/2/715
f 813/2/713 816/2/716 815/2/715
f 816/2/716 814/2/714 815/2/715
f 816/2/716 813/2/713 817/2/717
f 818/2/718 814/2/714 816/2/716
f 817/2/717 819/2/719 816/2/716
f 816/2/716 819/2/719 818/2/718
f 819/2/719 817/2/717 820/2/720
f 821/2/721 818/2/718 819/2/719
f 820/2/720 822/2/722 819/2/719
f 819/2/719 823/2/723 821/2/721
f 823/2/723 819/2/719 824/2/724
f 819/2/719 822/2/722 824/2/724
f 824/2/724 825/2/725 823/2/723
f 822/2/722 826/2/726 824/2/724
f 825/2/725 824/2/724 826/2/726
f 826/2/726 822/2/722 827/2/727
f 826/2/726 828/2/728 825/2/725
f 827/2/727 829/2/729 826/2/726
f 828/2/728 826/2/726 829/2/729
f 829/2/729 827/2/727 830/2/730
f 829/2/729 831/2/731 828/2/728
f 830/2/730 831/2/731 829/2/729
f 832/2/732 828/2/728 831/2/731
f 831/2/731 830/2/730 833/2/733
f 834/2/734 832/2/732 831/2/731
f 833/2/733 834/2/734 831/2/731
f 835/2/735 832/2/732 834/2/734
f 834/2/734 833/2/733 836/2/736
f 834/2/734 837/2/737 835/2/735
f 838/2/738 834/2/734 836/2/736
f 837/2/737 834/2/734 839/2/739
f 839/2/739 834/2/734 838/2/738
f 839/2/739 840/2/740 837/2/737
f 838/2/738 841/2/741 839/2/739
f 840/2/740 839/2/739 841/2/741
f 841/2/741 838/2/738 842/2/742
f 841/2/741 843/2/743 840/2/740
f 842/2/742 844/2/744 841/2/741
f 843/2/743 841/2/741 844/2/744
f 844/2/744 842/2/742 845/2/745
f 844/2/744 845/2/745 846/2/746
f 847/2/747 844/2/744 846/2/746
f 844/2/744 847/2/747 843/2/743
f 843/2/743 847/2/747 848/2/748
f 849/2/749 850/2/750 851/2/751
f 852/2/752 849/2/749 853/2/753
f 854/2/754 849/2/749 851/2/751
f 849/2/749 855/2/755 853/2/753
f 849/2/749 854/2/754 856/2/756
f 855/2/755 849/2/749 856/2/756
f 857/2/757 856/2/756 854/2/754
f 856/2/756 858/2/758 855/2/755
f 856/2/756 857/2/757 859/2/759
f 858/2/758 856/2/756 859/2/759
f 857/2/757 860/2/760 859/2/759
f 859/2/759 860/2/760 858/2/758
f 860/2/760 857/2/757 861/2/761
f 858/2/758 860/2/760 862/2/762
f 861/2/761 863/2/763 860/2/760
f 860/2/760 863/2/763 862/2/762
f 863/2/763 861/2/761 864/2/764
f 862/2/762 863/2/763 865/2/765
f 864/2/764 866/2/766 863/2/763
f 863/2/763 867/2/767 865/2/765
f 868/2/768 863/2/763 866/2/766
f 867/2/767 863/2/763 868/2/768
f 869/2/769 868/2/768 866/2/766
f 868/2/768 870/2/770 867/2/767
f 868/2/768 869/2/769 871/2/771
f 870/2/770 868/2/768 871/2/771
f 872/2/772 871/2/771 869/2/769
f 873/2/773 870/2/770 871/2/771
f 871/2/771 872/2/772 873/2/773
f 870/2/770 873/2/773 874/2/774
f 873/2/773 875/2/775 874/2/774
f 872/2/772 876/2/776 873/2/773
f 875/2/775 873/2/773 876/2/776
f 876/2/776 872/2/772 877/2/777
f 876/2/776 878/2/778 875/2/775
f 877/2/777 878/2/778 876/2/776
f 878/2/778 877/2/777 879/2/779
f 880/2/780 875/2/775 878/2/778
f 879/2/779 881/2/781 878/2/778
f 878/2/778 882/2/782 880/2/780
f 881/2/781 882/2/782 878/2/778
f 883/2/783 880/2/780 882/2/782
f 882/2/782 884/2/784 883/2/783
f 884/2/784 882/2/782 885/2/785
f 881/2/781 885/2/785 882/2/782
f 885/2/785 881/2/781 886/2/786
f 887/2/787 888/2/788 889/2/789
f 888/2/788 887/2/787 890/2/790
f 891/2/791 890/2/790 887/2/787
f 890/2/790 891/2/791 892/2/792
f 891/2/791 893/2/793 892/2/792
f 887/2/787 894/2/794 891/2/791
f 894/2/794 887/2/787 895/2/795
f 889/2/789 895/2/795 887/2/787
f 895/2/795 889/2/789 896/2/796
f 889/2/789 897/2/797 896/2/796
f 888/2/788 898/2/798 889/2/789
f 897/2/797 889/2/789 898/2/798
f 898/2/798 888/2/788 899/2/799
f 898/2/798 900/2/800 897/2/797
f 899/2/799 901/2/801 898/2/798
f 900/2/800 898/2/798 901/2/801
f 901/2/801 899/2/799 902/2/802
f 901/2/801 903/2/803 900/2/800
f 902/2/802 904/2/804 901/2/801
f 901/2/801 904/2/804 905/2/805
f 903/2/803 901/2/801 905/2/805
f 904/2/804 906/2/806 905/2/805
f 907/2/807 903/2/803 905/2/805
f 905/2/805 906/2/806 907/2/807
f 906/2/806 908/2/808 907/2/807
f 903/2/803 907/2/807 909/2/809
f 907/2/807 908/2/808 910/2/810
f 910/2/810 909/2/809 907/2/807
f 909/2/809 910/2/810 911/2/811
f 912/2/812 913/2/813 914/2/814
f 914/2/814 915/2/815 912/2/812
f 914/2/814 913/2/813 916/2/816
f 913/2/813 917/2/817 916/2/816
f 915/2/815 914/2/814 918/2/818
f 918/2/818 919/2/819 915/2/815
f 914/2/814 916/2/816 920/2/820
f 921/2/821 914/2/814 920/2/820
f 918/2/818 914/2/814 921/2/821
f 920/2/820 916/2/816 922/2/822
f 919/2/819 918/2/818 923/2/823
f 921/2/821 923/2/823 918/2/818
f 923/2/823 924/2/824 919/2/819
f 923/2/823 921/2/821 925/2/825
f 916/2/816 926/2/826 922/2/822
f 926/2/826 916/2/816 917/2/817
f 927/2/827 922/2/822 926/2/826
f 917/2/817 928/2/828 926/2/826
f 926/2/826 929/2/829 927/2/827
f 929/2/829 926/2/826 928/2/828
f 930/2/830 927/2/827 929/2/829
f 929/2/829 931/2/831 930/2/830
f 928/2/828 932/2/832 929/2/829
f 931/2/831 929/2/829 932/2/832
f 932/2/832 933/2/833 931/2/831
f 932/2/832 928/2/828 934/2/834
f 933/2/833 932/2/832 935/2/835
f 934/2/834 935/2/835 932/2/832
f 935/2/835 934/2/834 936/2/836
f 925/2/825 937/2/837 923/2/823
f 937/2/837 925/2/825 938/2/838
f 924/2/824 923/2/823 937/2/837
f 937/2/837 938/2/838 939/2/839
f 940/2/840 924/2/824 937/2/837
f 940/2/840 937/2/837 939/2/839
f 941/2/841 924/2/824 940/2/840
f 942/2/842 940/2/840 939/2/839
f 940/2/840 943/2/843 941/2/841
f 943/2/843 940/2/840 942/2/842
f 941/2/841 943/2/843 944/2/844
f 942/2/842 945/2/845 943/2/843
f 945/2/845 944/2/844 943/2/843
f 945/2/845 942/2/842 946/2/846
f 947/2/847 944/2/844 945/2/845
f 946/2/846 948/2/848 945/2/845
f 945/2/845 948/2/848 947/2/847
f 948/2/848 946/2/846 949/2/849
f 950/2/850 947/2/847 948/2/848
f 949/2/849 951/2/851 948/2/848
f 948/2/848 951/2/851 950/2/850
f 951/2/851 949/2/849 952/2/852
f 953/2/853 950/2/850 951/2/851
f 952/2/852 954/2/854 951/2/851
f 953/2/853 951/2/851 954/2/854
f 954/2/854 952/2/852 955/2/855
f 956/2/856 953/2/853 954/2/854
f 957/2/857 958/2/858 959/2/859
f 960/2/860 959/2/859 958/2/858
f 959/2/859 960/2/860 961/2/861
f 960/2/860 962/2/862 961/2/861
f 958/2/858 963/2/863 960/2/860
f 962/2/862 960/2/860 964/2/864
f 963/2/863 964/2/864 960/2/860
f 964/2/864 963/2/863 965/2/865
f 963/2/863 958/2/858 966/2/866
f 967/2/867 964/2/864 965/2/865
f 964/2/864 968/2/868 962/2/862
f 964/2/864 967/2/867 968/2/868
f 969/2/869 962/2/862 968/2/868
f 970/2/870 966/2/866 958/2/858
f 958/2/858 957/2/857 970/2/870
f 966/2/866 970/2/870 971/2/871
f 970/2/870 972/2/872 971/2/871
f 968/2/868 973/2/873 969/2/869
f 967/2/867 973/2/873 968/2/868
f 974/2/874 969/2/869 973/2/873
f 973/2/873 967/2/867 975/2/875
f 973/2/873 976/2/876 974/2/874
f 975/2/875 976/2/876 973/2/873
f 977/2/877 974/2/874 976/2/876
f 976/2/876 975/2/875 978/2/878
f 976/2/876 979/2/879 977/2/877
f 978/2/878 979/2/879 976/2/876
f 979/2/879 978/2/878 980/2/880
f 981/2/881 977/2/877 979/2/879
f 982/2/882 979/2/879 980/2/880
f 979/2/879 983/2/883 981/2/881
f 979/2/879 982/2/882 983/2/883
f 984/2/884 981/2/881 983/2/883
f 982/2/882 985/2/885 983/2/883
f 986/2/886 984/2/884 983/2/883
f 985/2/885 986/2/886 983/2/883
f 984/2/884 986/2/886 987/2/887
f 985/2/885 988/2/888 986/2/886
f 986/2/886 989/2/889 987/2/887
f 990/2/890 986/2/886 988/2/888
f 989/2/889 986/2/886 990/2/890
f 991/2/891 990/2/890 988/2/888
f 990/2/890 807/2/707 989/2/889
f 990/2/890 991/2/891 992/2/892
f 807/2/707 990/2/890 992/2/892
f 991/2/891 809/2/709 992/2/892
f 992/2/892 808/2/708 807/2/707
f 992/2/892 809/2/709 808/2/708
f 993/2/893 994/2/894 995/2/895
f 996/2/896 995/2/895 994/2/894
f 994/2/894 894/2/794 996/2/896
f 894/2/794 994/2/894 891/2/791
f 893/2/793 891/2/791 994/2/894
f 993/2/893 893/2/793 994/2/894
f 893/2/793 993/2/893 997/2/897
f 995/2/895 998/2/898 993/2/893
f 993/2/893 998/2/898 997/2/897
f 998/2/898 995/2/895 999/2/899
f 997/2/897 998/2/898 1000/2/900
f 999/2/899 1001/2/901 998/2/898
f 998/2/898 1001/2/901 1000/2/900
f 1001/2/901 999/2/899 1002/2/902
f 1000/2/900 1001/2/901 1003/2/903
f 1002/2/902 1004/2/904 1001/2/901
f 1001/2/901 1005/2/905 1003/2/903
f 1001/2/901 1004/2/904 1005/2/905
f 1003/2/903 1005/2/905 1006/2/906
f 1004/2/904 1007/2/907 1005/2/905
f 1005/2/905 1008/2/908 1006/2/906
f 1008/2/908 1005/2/905 1007/2/907
f 1006/2/906 1008/2/908 1009/2/909
f 1007/2/907 1010/2/910 1008/2/908
f 1008/2/908 1011/2/911 1009/2/909
f 1011/2/911 1008/2/908 1010/2/910
f 1011/2/911 1012/2/912 1009/2/909
f 1010/2/910 850/2/750 1011/2/911
f 1011/2/911 852/2/752 1012/2/912
f 850/2/750 1013/2/913 1011/2/911
f 852/2/752 1011/2/911 1013/2/913
f 850/2/750 849/2/749 1013/2/913
f 1013/2/913 849/2/749 852/2/752
f 1014/2/914 1015/2/915 1016/2/915
f 1015/2/915 1014/2/914 1017/2/915
f 1018/2/915 1017/2/915 1014/2/914
f 1017/2/915 1018/2/915 1019/2/915
f 1020/2/916 1021/2/917 1022/2/918
f 1023/2/919 1022/2/918 1021/2/917
f 1020/2/916 1022/2/918 1024/2/920
f 1025/2/921 1020/2/916 1024/2/920
f 1026/2/922 1022/2/918 1023/2/919
f 1027/2/923 1026/2/922 1023/2/919
f 1022/2/918 1028/2/924 1024/2/920
f 1028/2/924 1022/2/918 1029/2/925
f 1022/2/918 1030/2/926 1029/2/925
f 1030/2/926 1022/2/918 1026/2/922
f 1026/2/922 1031/2/927 1030/2/926
f 1031/2/927 1026/2/922 1032/2/928
f 1032/2/928 1026/2/922 1027/2/923
f 1032/2/928 1033/2/929 1031/2/927
f 1028/2/924 1034/2/930 1024/2/920
f 1024/2/920 1034/2/930 1025/2/921
f 1034/2/930 1028/2/924 1035/2/931
f 1036/2/932 1034/2/930 1035/2/931
f 1037/2/933 1025/2/921 1034/2/930
f 1034/2/930 1036/2/932 1037/2/933
f 1038/2/934 1025/2/921 1037/2/933
f 1039/2/935 1037/2/933 1036/2/932
f 1037/2/933 1040/2/936 1038/2/934
f 1041/2/937 1037/2/933 1039/2/935
f 1040/2/936 1037/2/933 1041/2/937
f 1042/2/938 1041/2/937 1039/2/935
f 1041/2/937 1043/2/939 1040/2/936
f 1043/2/939 1041/2/937 1042/2/938
f 1043/2/939 1044/2/940 1040/2/936
f 1045/2/941 1043/2/939 1042/2/938
f 1043/2/939 1046/2/942 1044/2/940
f 1046/2/942 1043/2/939 1045/2/941
f 1044/2/940 1046/2/942 1047/2/943
f 1048/2/944 1046/2/942 1045/2/941
f 1046/2/942 1049/2/945 1047/2/943
f 1049/2/945 1046/2/942 1048/2/944
f 1050/2/946 1047/2/943 1049/2/945
f 1048/2/944 1051/2/947 1049/2/945
f 1049/2/945 1052/2/948 1050/2/946
f 1053/2/949 1049/2/945 1051/2/947
f 1052/2/948 1049/2/945 1053/2/949
f 1054/2/950 1053/2/949 1051/2/947
f 1053/2/949 1055/2/951 1052/2/948
f 1056/2/952 1053/2/949 1054/2/950
f 1055/2/951 1053/2/949 1056/2/952
f 1057/2/953 1056/2/952 1054/2/950
f 1056/2/952 1058/2/954 1055/2/951
f 1059/2/955 1056/2/952 1057/2/953
f 1058/2/954 1056/2/952 1059/2/955
f 1060/2/956 1061/2/957 1062/2/956
f 1061/2/957 1060/2/956 1063/2/958
f 1060/2/956 1062/2/956 1064/2/959
f 1062/2/956 1065/2/959 1064/2/959
f 1066/2/960 1067/2/960 1068/2/961
f 1066/2/960 1069/2/962 1067/2/960
f 1066/2/960 1068/2/961 1070/2/961
f 1069/2/962 1066/2/960 1071/2/962
f 1070/2/961 1068/2/961 1072/2/963
f 1069/2/962 1071/2/962 1073/2/964
f 1074/2/965 1070/2/961 1072/2/963
f 1073/2/964 1075/2/966 1069/2/962
f 1072/2/963 1076/2/967 1074/2/965
f 1073/2/964 1077/2/967 1075/2/966
f 1076/2/967 1072/2/963 1077/2/967
f 1077/2/967 1073/2/964 1076/2/967
f 1078/2/968 1079/2/969 1080/2/970
f 1078/2/968 1081/2/971 1079/2/969
f 1078/2/968 1080/2/970 1082/2/970
f 1081/2/971 1078/2/968 1083/2/971
f 1080/2/970 1084/2/972 1082/2/970
f 1085/2/973 1081/2/971 1083/2/971
f 1084/2/972 1080/2/970 1086/2/974
f 1085/2/973 1087/2/975 1081/2/971
f 1088/2/976 1084/2/972 1086/2/974
f 1087/2/975 1085/2/973 1089/2/977
f 1084/2/972 1088/2/976 1089/2/977
f 1089/2/977 1088/2/976 1087/2/975
f 1090/2/978 1091/2/979 1092/2/980
f 1091/2/979 1090/2/978 1093/2/981
f 1090/2/978 1092/2/980 1094/2/982
f 1094/2/982 1092/2/980 1095/2/983
f 1092/2/980 1096/2/984 1095/2/983
f 1091/2/979 1097/2/985 1092/2/980
f 1096/2/984 1092/2/980 1097/2/985
f 1097/2/985 1091/2/979 1098/2/986
f 1097/2/985 1099/2/987 1096/2/984
f 1098/2/986 1100/2/988 1097/2/985
f 1099/2/987 1097/2/985 1100/2/988
f 1100/2/988 1098/2/986 1101/2/989
f 1100/2/988 1102/2/990 1099/2/987
f 1101/2/989 1103/2/991 1100/2/988
f 1102/2/990 1100/2/988 1103/2/991
f 1103/2/991 1101/2/989 1104/2/992
f 1103/2/991 1105/2/993 1102/2/990
f 1104/2/992 1106/2/994 1103/2/991
f 1105/2/993 1103/2/991 1107/2/995
f 1107/2/995 1103/2/991 1106/2/994
f 1107/2/995 1108/2/996 1105/2/993
f 1109/2/997 1107/2/995 1106/2/994
f 1108/2/996 1107/2/995 1110/2/998
f 1107/2/995 1109/2/997 1110/2/998
f 1111/2/999 1108/2/996 1110/2/998
f 1109/2/997 1111/2/999 1110/2/998
f 1108/2/996 1111/2/999 1112/2/1000
f 1111/2/999 1109/2/997 1113/2/1001
f 1114/2/1002 1112/2/1000 1111/2/999
f 1113/2/1001 1114/2/1002 1111/2/999
f 1115/2/1003 1112/2/1000 1114/2/1002
f 1114/2/1002 1113/2/1001 1116/2/1004
f 1117/2/1005 1115/2/1003 1114/2/1002
f 1116/2/1004 1117/2/1005 1114/2/1002
f 1118/2/1006 1115/2/1003 1117/2/1005
f 1117/2/1005 1116/2/1004 1119/2/1007
f 1117/2/1005 1120/2/1008 1118/2/1006
f 1119/2/1007 1121/2/1009 1117/2/1005
f 1120/2/1008 1117/2/1005 1121/2/1009
f 1121/2/1009 1119/2/1007 1122/2/1010
f 1121/2/1009 1123/2/1011 1120/2/1008
f 1122/2/1010 1124/2/1012 1121/2/1009
f 1123/2/1011 1121/2/1009 1124/2/1012
f 1124/2/1012 1122/2/1010 1125/2/1013
f 1124/2/1012 1126/2/1014 1123/2/1011
f 1125/2/1013 1127/2/1015 1124/2/1012
f 1126/2/1014 1124/2/1012 1127/2/1015
f 1127/2/1015 1125/2/1013 1128/2/1016
f 1129/2/1017 1127/2/1015 1128/2/1016
f 1127/2/1015 1130/2/1018 1126/2/1014
f 1130/2/1018 1127/2/1015 1129/2/1017
f 1130/2/1018 1129/2/1017 1131/2/1019
f 1132/2/1020 1126/2/1014 1130/2/1018
f 1133/2/1021 1130/2/1018 1131/2/1019
f 1132/2/1020 1130/2/1018 1133/2/1021
f 1134/2/1022 1132/2/1020 1133/2/1021
f 957/2/857 1135/2/1023 970/2/870
f 972/2/872 970/2/870 1135/2/1023
f 1135/2/1023 957/2/857 1136/2/1024
f 1135/2/1023 1137/2/1025 972/2/872
f 1136/2/1024 1137/2/1025 1135/2/1023
f 1137/2/1025 1136/2/1024 1138/2/1026
f 1139/2/1027 972/2/872 1137/2/1025
f 1137/2/1025 1138/2/1026 1140/2/1028
f 1137/2/1025 1141/2/1029 1139/2/1027
f 1141/2/1029 1137/2/1025 1140/2/1028
f 1142/2/1030 1139/2/1027 1141/2/1029
f 1143/2/1031 1141/2/1029 1140/2/1028
f 1144/2/1032 1142/2/1030 1141/2/1029
f 1144/2/1032 1141/2/1029 1143/2/1031
f 1142/2/1030 1144/2/1032 1145/2/1033
f 1144/2/1032 1146/2/1034 1145/2/1033
f 1143/2/1031 1147/2/1035 1144/2/1032
f 1146/2/1034 1144/2/1032 1147/2/1035
f 1147/2/1035 1143/2/1031 1148/2/1036
f 1147/2/1035 1149/2/1037 1146/2/1034
f 1148/2/1036 1149/2/1037 1147/2/1035
f 1150/2/1038 1146/2/1034 1149/2/1037
f 1149/2/1037 1148/2/1036 1151/2/1039
f 1149/2/1037 1152/2/1040 1150/2/1038
f 1151/2/1039 1152/2/1040 1149/2/1037
f 1153/2/1041 1150/2/1038 1152/2/1040
f 1152/2/1040 1151/2/1039 1154/2/1042
f 1152/2/1040 1155/2/1043 1153/2/1041
f 1154/2/1042 1156/2/1044 1152/2/1040
f 1155/2/1043 1152/2/1040 1156/2/1044
f 1156/2/1044 1154/2/1042 1157/2/1045
f 1157/2/1045 1158/2/1046 1156/2/1044
f 1156/2/1044 1159/2/1047 1155/2/1043
f 1156/2/1044 1158/2/1046 1159/2/1047
f 1155/2/1043 1159/2/1047 1160/2/1048
f 1158/2/1046 1161/2/1049 1159/2/1047
f 1159/2/1047 1162/2/1050 1160/2/1048
f 1161/2/1049 1163/2/1051 1159/2/1047
f 1162/2/1050 1159/2/1047 1163/2/1051
f 1161/2/1049 1164/2/1052 1163/2/1051
f 1163/2/1051 1165/2/1053 1162/2/1050
f 1163/2/1051 1164/2/1052 1165/2/1053
f 1162/2/1050 1165/2/1053 1166/2/1054
f 1164/2/1052 1167/2/1055 1165/2/1053
f 1167/2/1055 1166/2/1054 1165/2/1053
f 1167/2/1055 1164/2/1052 1168/2/1056
f 1166/2/1054 1167/2/1055 1169/2/1057
f 1168/2/1056 1170/2/1058 1167/2/1055
f 1170/2/1058 1169/2/1057 1167/2/1055
f 1170/2/1058 1168/2/1056 1171/2/1059
f 1169/2/1057 1170/2/1058 1172/2/1060
f 1173/2/1061 1170/2/1058 1171/2/1059
f 1170/2/1058 1174/2/1062 1172/2/1060
f 1170/2/1058 1173/2/1061 1175/2/1063
f 1174/2/1062 1170/2/1058 1175/2/1063
f 1175/2/1063 1173/2/1061 1176/2/1064
f 1175/2/1063 1177/2/1065 1174/2/1062
f 1178/2/1066 1175/2/1063 1176/2/1064
f 1177/2/1065 1175/2/1063 1178/2/1066
f 1179/2/1067 1027/2/923 1180/2/1068
f 1027/2/923 1179/2/1067 1032/2/928
f 1033/2/929 1032/2/928 1179/2/1067
f 1179/2/1067 1181/2/1069 1033/2/929
f 1180/2/1068 1182/2/1070 1179/2/1067
f 1181/2/1069 1179/2/1067 1182/2/1070
f 1182/2/1070 1180/2/1068 1183/2/1071
f 1182/2/1070 1184/2/1072 1181/2/1069
f 1183/2/1071 1185/2/1073 1182/2/1070
f 1184/2/1072 1182/2/1070 1186/2/1074
f 1186/2/1074 1182/2/1070 1185/2/1073
f 1186/2/1074 1187/2/1075 1184/2/1072
f 1185/2/1073 1188/2/1076 1186/2/1074
f 1187/2/1075 1186/2/1074 1188/2/1076
f 1188/2/1076 1185/2/1073 1189/2/1077
f 1190/2/1078 1187/2/1075 1188/2/1076
f 1189/2/1077 1190/2/1078 1188/2/1076
f 1190/2/1078 1189/2/1077 1191/2/1079
f 1192/2/1080 1187/2/1075 1190/2/1078
f 1193/2/1081 1190/2/1078 1191/2/1079
f 1194/2/1082 1192/2/1080 1190/2/1078
f 1190/2/1078 1193/2/1081 1194/2/1082
f 1192/2/1080 1194/2/1082 1195/2/1083
f 1196/2/1084 1194/2/1082 1193/2/1081
f 1194/2/1082 1197/2/1085 1195/2/1083
f 1194/2/1082 1196/2/1084 1198/2/1086
f 1197/2/1085 1194/2/1082 1198/2/1086
f 1196/2/1084 1199/2/1087 1198/2/1086
f 1198/2/1086 1199/2/1087 1197/2/1085
f 1199/2/1087 1196/2/1084 1200/2/1088
f 1197/2/1085 1199/2/1087 1201/2/1089
f 1200/2/1088 1202/2/1090 1199/2/1087
f 1199/2/1087 1202/2/1090 1201/2/1089
f 1201/2/1089 1202/2/1090 1203/2/1091
f 1202/2/1090 1200/2/1088 1204/2/1092
f 1202/2/1090 1205/2/1093 1203/2/1091
f 1204/2/1092 1206/2/1094 1202/2/1090
f 1205/2/1093 1202/2/1090 1206/2/1094
f 1206/2/1094 1204/2/1092 1207/2/1095
f 1206/2/1094 1208/2/1096 1205/2/1093
f 1207/2/1095 1209/2/1097 1206/2/1094
f 1208/2/1096 1206/2/1094 1209/2/1097
f 1209/2/1097 1207/2/1095 1210/2/1098
f 1210/2/1098 1211/2/1099 1209/2/1097
f 1209/2/1097 1212/2/1100 1208/2/1096
f 1212/2/1100 1209/2/1097 1211/2/1099
f 1213/2/1101 1208/2/1096 1212/2/1100
f 1211/2/1099 1214/2/1102 1212/2/1100
f 1214/2/1102 1213/2/1101 1212/2/1100
f 1214/2/1102 1211/2/1099 1215/2/1103
f 1213/2/1101 1214/2/1102 1216/2/1104
f 1057/2/953 1217/2/1105 1059/2/955
f 1217/2/1105 1058/2/954 1059/2/955
f 1217/2/1105 1057/2/953 1218/2/1106
f 1219/2/1107 1058/2/954 1217/2/1105
f 1220/2/1108 1217/2/1105 1218/2/1106
f 1221/2/1109 1219/2/1107 1217/2/1105
f 1217/2/1105 1220/2/1108 1221/2/1109
f 1219/2/1107 1221/2/1109 1222/2/1110
f 1221/2/1109 1223/2/1111 1222/2/1110
f 1220/2/1108 1224/2/1112 1221/2/1109
f 1223/2/1111 1221/2/1109 1224/2/1112
f 1224/2/1112 1220/2/1108 1225/2/1113
f 1224/2/1112 1226/2/1114 1223/2/1111
f 1225/2/1113 1227/2/1115 1224/2/1112
f 1226/2/1114 1224/2/1112 1227/2/1115
f 1227/2/1115 1225/2/1113 1228/2/1116
f 1229/2/1117 1227/2/1115 1228/2/1116
f 1230/2/1118 1226/2/1114 1227/2/1115
f 1230/2/1118 1227/2/1115 1229/2/1117
f 1226/2/1114 1230/2/1118 1231/2/1119
f 1229/2/1117 1232/2/1120 1230/2/1118
f 1233/2/1121 1231/2/1119 1230/2/1118
f 1233/2/1121 1230/2/1118 1232/2/1120
f 1234/2/1122 1231/2/1119 1233/2/1121
f 1233/2/1121 1235/2/1123 1234/2/1122
f 1232/2/1120 1236/2/1124 1233/2/1121
f 1235/2/1123 1233/2/1121 1236/2/1124
f 1236/2/1124 1232/2/1120 1237/2/1125
f 1237/2/1125 1238/2/1126 1236/2/1124
f 1236/2/1124 1239/2/1127 1235/2/1123
f 1236/2/1124 1238/2/1126 1239/2/1127
f 1240/2/1128 1235/2/1123 1239/2/1127
f 1238/2/1126 1241/2/1129 1239/2/1127
f 1239/2/1127 1241/2/1129 1240/2/1128
f 1241/2/1129 1238/2/1126 1242/2/1130
f 1240/2/1128 1241/2/1129 1243/2/1131
f 1242/2/1130 1244/2/1132 1241/2/1129
f 1245/2/1133 1243/2/1131 1241/2/1129
f 1245/2/1133 1241/2/1129 1244/2/1132
f 1246/2/1134 1243/2/1131 1245/2/1133
f 1244/2/1132 1247/2/1135 1245/2/1133
f 1245/2/1133 1247/2/1135 1246/2/1134
f 1248/2/1136 1246/2/1134 1247/2/1135
f 1247/2/1135 1244/2/1132 1249/2/1137
f 1247/2/1135 1250/2/1138 1248/2/1136
f 1249/2/1137 1251/2/1139 1247/2/1135
f 1250/2/1138 1247/2/1135 1251/2/1139
f 1251/2/1139 1249/2/1137 1252/2/1140
f 1253/2/1141 1250/2/1138 1251/2/1139
f 1252/2/1140 1253/2/1141 1251/2/1139
f 1250/2/1138 1253/2/1141 1254/2/1142
f 1253/2/1141 1252/2/1140 1255/2/1143
f 1253/2/1141 1256/2/1144 1254/2/1142
f 1255/2/1143 1256/2/1144 1253/2/1141
f 1254/2/1142 1256/2/1144 1257/2/1145
f 1256/2/1144 1255/2/1143 1258/2/1146
f 1256/2/1144 1259/2/1147 1257/2/1145
f 1258/2/1146 1259/2/1147 1256/2/1144
f 1257/2/1145 1259/2/1147 1260/2/1148
f 1259/2/1147 1258/2/1146 1261/2/1149
f 1262/2/1150 1263/2/1151 1264/2/1151
f 1263/2/1151 1265/2/1152 1264/2/1151
f 1263/2/1151 1262/2/1150 1266/2/1150
f 1265/2/1152 1263/2/1151 1267/2/1153
f 1262/2/1150 1268/2/1154 1266/2/1150
f 1265/2/1152 1267/2/1153 1269/2/1155
f 1268/2/1154 1262/2/1150 1270/2/1154
f 1265/2/1152 1269/2/1155 1271/2/1155
f 1272/2/1156 1268/2/1154 1270/2/1154
f 1273/2/1156 1271/2/1155 1269/2/1155
f 1268/2/1154 1272/2/1156 1273/2/1156
f 1273/2/1156 1272/2/1156 1271/2/1155
f 1274/2/1157 1275/2/1158 1276/2/1159
f 1275/2/1158 1277/2/1160 1276/2/1159
f 1275/2/1158 1274/2/1157 1278/2/1161
f 1277/2/1160 1275/2/1158 1279/2/1160
f 1274/2/1157 1280/2/1162 1278/2/1161
f 1277/2/1160 1279/2/1160 1281/2/1163
f 1280/2/1162 1274/2/1157 1282/2/1162
f 1277/2/1160 1281/2/1163 1283/2/1164
f 1280/2/1162 1282/2/1162 1284/2/1165
f 1285/2/1165 1283/2/1164 1281/2/1163
f 1284/2/1165 1285/2/1165 1280/2/1162
f 1283/2/1164 1285/2/1165 1284/2/1165
f 1286/2/1166 1287/2/1167 1288/2/1168
f 1286/2/1166 1288/2/1168 1289/2/1168
f 1286/2/1166 1290/2/1169 1287/2/1167
f 1288/2/1168 1291/2/1170 1289/2/1168
f 1287/2/1167 1290/2/1169 1292/2/1171
f 1291/2/1170 1288/2/1168 1293/2/1170
f 1290/2/1169 1294/2/1172 1292/2/1171
f 1291/2/1170 1293/2/1170 1295/2/1173
f 1294/2/1172 1290/2/1169 1296/2/1172
f 1291/2/1170 1295/2/1173 1297/2/1173
f 1297/2/1173 1295/2/1173 1294/2/1172
f 1297/2/1173 1294/2/1172 1296/2/1172
f 1298/2/1174 1299/2/1175 1300/2/1174
f 1299/2/1175 1298/2/1174 1301/2/1175
f 1300/2/1174 1302/2/1176 1298/2/1174
f 1303/2/1177 1299/2/1175 1301/2/1175
f 1302/2/1176 1300/2/1174 1304/2/1178
f 1299/2/1175 1303/2/1177 1305/2/1179
f 1306/2/1180 1302/2/1176 1304/2/1178
f 1303/2/1177 1307/2/1181 1305/2/1179
f 1302/2/1176 1306/2/1180 1308/2/1182
f 1306/2/1180 1307/2/1181 1308/2/1182
f 1307/2/1181 1303/2/1177 1309/2/1181
f 1307/2/1181 1309/2/1181 1308/2/1182
f 1310/2/1183 1311/2/1184 1312/2/1185
f 1311/2/1184 1313/2/1186 1312/2/1185
f 1314/2/1187 1310/2/1183 1312/2/1185
f 1312/2/1185 1313/2/1186 1315/2/1188
f 1315/2/1188 1314/2/1187 1312/2/1185
f 1313/2/1186 1316/2/1189 1315/2/1188
f 1317/2/1190 1314/2/1187 1315/2/1188
f 1315/2/1188 1318/2/1191 1317/2/1190
f 1316/2/1189 1318/2/1191 1315/2/1188
f 1319/2/1192 1317/2/1190 1318/2/1191
f 1318/2/1191 1320/2/1193 1319/2/1192
f 1316/2/1189 1321/2/1194 1318/2/1191
f 1320/2/1193 1318/2/1191 1321/2/1194
f 1321/2/1194 1316/2/1189 1322/2/1195
f 1321/2/1194 1323/2/1196 1320/2/1193
f 1322/2/1195 1324/2/1197 1321/2/1194
f 1323/2/1196 1321/2/1194 1325/2/1198
f 1321/2/1194 1324/2/1197 1325/2/1198
f 1325/2/1198 1326/2/1199 1323/2/1196
f 1324/2/1197 1327/2/1200 1325/2/1198
f 1326/2/1199 1325/2/1198 1327/2/1200
f 1327/2/1200 1324/2/1197 1328/2/1201
f 1327/2/1200 1329/2/1202 1326/2/1199
f 1328/2/1201 1330/2/1203 1327/2/1200
f 1329/2/1202 1327/2/1200 1330/2/1203
f 1330/2/1203 1328/2/1201 1331/2/1204
f 1331/2/1204 1332/2/1205 1330/2/1203
f 1330/2/1203 1333/2/1206 1329/2/1202
f 1333/2/1206 1330/2/1203 1332/2/1205
f 1334/2/1207 1329/2/1202 1333/2/1206
f 1333/2/1206 1335/2/1208 1334/2/1207
f 1332/2/1205 1336/2/1209 1333/2/1206
f 1335/2/1208 1333/2/1206 1336/2/1209
f 1336/2/1209 1332/2/1205 1337/2/1210
f 1336/2/1209 1338/2/1211 1335/2/1208
f 1337/2/1210 1339/2/1212 1336/2/1209
f 1338/2/1211 1336/2/1209 1339/2/1212
f 1339/2/1212 1337/2/1210 1340/2/1213
f 1340/2/1213 1341/2/1214 1339/2/1212
f 1339/2/1212 1342/2/1215 1338/2/1211
f 1339/2/1212 1341/2/1214 1342/2/1215
f 1343/2/1216 1338/2/1211 1342/2/1215
f 1344/2/1217 1342/2/1215 1341/2/1214
f 1342/2/1215 1345/2/1218 1343/2/1216
f 1342/2/1215 1344/2/1217 1345/2/1218
f 1345/2/1218 1346/2/1219 1343/2/1216
f 1345/2/1218 1347/2/1220 1346/2/1219
f 1344/2/1217 1348/2/1221 1345/2/1218
f 1347/2/1220 1345/2/1218 1348/2/1221
f 1348/2/1221 1344/2/1217 1349/2/1222
f 1348/2/1221 1350/2/1223 1347/2/1220
f 1349/2/1222 1351/2/1224 1348/2/1221
f 1350/2/1223 1348/2/1221 1351/2/1224
f 1351/2/1224 1349/2/1222 1352/2/1225
f 1351/2/1224 1353/2/1226 1350/2/1223
f 1352/2/1225 1354/2/1227 1351/2/1224
f 1351/2/1224 1354/2/1227 1355/2/1228
f 1353/2/1226 1351/2/1224 1355/2/1228
f 1354/2/1227 1356/2/1229 1355/2/1228
f 1355/2/1228 1357/2/1230 1353/2/1226
f 1357/2/1230 1355/2/1228 1356/2/1229
f 1358/2/1231 1353/2/1226 1357/2/1230
f 1359/2/1232 1357/2/1230 1356/2/1229
f 1360/2/1233 1358/2/1231 1357/2/1230
f 1357/2/1230 1359/2/1232 1360/2/1233
f 1358/2/1231 1360/2/1233 1361/2/1234
f 1360/2/1233 1362/2/1235 1361/2/1234
f 1359/2/1232 1363/2/1236 1360/2/1233
f 1362/2/1235 1360/2/1233 1363/2/1236
f 1363/2/1236 1359/2/1232 1364/2/1237
f 1363/2/1236 1365/2/1238 1362/2/1235
f 1363/2/1236 1364/2/1237 1366/2/1239
f 1365/2/1238 1363/2/1236 1367/2/1240
f 1367/2/1240 1363/2/1236 1366/2/1239
f 1368/2/1241 1369/2/1241 1370/2/1242
f 1368/2/1241 1371/2/1243 1369/2/1241
f 1368/2/1241 1370/2/1242 1372/2/1244
f 1371/2/1243 1368/2/1241 1373/2/1243
f 1372/2/1244 1370/2/1242 1374/2/1245
f 1373/2/1243 1375/2/1246 1371/2/1243
f 1374/2/1245 1376/2/1245 1372/2/1244
f 1375/2/1246 1373/2/1243 1377/2/1247
f 1374/2/1245 1378/2/1248 1376/2/1245
f 1375/2/1246 1377/2/1247 1378/2/1248
f 1378/2/1248 1374/2/1245 1379/2/1249
f 1375/2/1246 1378/2/1248 1379/2/1249
f 1380/2/1250 1381/2/1251 1382/2/1252
f 1382/2/1252 1383/2/1253 1380/2/1250
f 1381/2/1251 1380/2/1250 1384/2/1251
f 1380/2/1250 1383/2/1253 1385/2/1253
f 1384/2/1251 1386/2/1254 1381/2/1251
f 1383/2/1253 1387/2/1255 1385/2/1253
f 1386/2/1254 1384/2/1251 1388/2/1254
f 1387/2/1255 1383/2/1253 1389/2/1256
f 1386/2/1254 1388/2/1254 1390/2/1257
f 1389/2/1256 1390/2/1257 1387/2/1255
f 1386/2/1254 1390/2/1257 1391/2/1258
f 1390/2/1257 1389/2/1256 1391/2/1258
f 1392/2/1259 1393/2/1260 1394/2/1261
f 1393/2/1260 1392/2/1259 1395/2/1259
f 1396/2/1262 1394/2/1261 1393/2/1260
f 1395/2/1259 1392/2/1259 1397/2/1263
f 1398/2/1262 1394/2/1261 1396/2/1262
f 1397/2/1263 1399/2/1263 1395/2/1259
f 1396/2/1262 1400/2/1264 1398/2/1262
f 1397/2/1263 1401/2/1265 1399/2/1263
f 1400/2/1264 1396/2/1262 1402/2/1266
f 1401/2/1265 1400/2/1264 1402/2/1266
f 1401/2/1265 1397/2/1263 1403/2/1265
f 1401/2/1265 1403/2/1265 1400/2/1264
f 1404/2/1267 1405/2/1267 1406/2/1268
f 1404/2/1267 1407/2/1269 1405/2/1267
f 1404/2/1267 1406/2/1268 1408/2/1268
f 1407/2/1269 1404/2/1267 1409/2/1269
f 1410/2/1270 1408/2/1268 1406/2/1268
f 1407/2/1269 1409/2/1269 1411/2/1271
f 1410/2/1270 1412/2/1272 1408/2/1268
f 1407/2/1269 1411/2/1271 1413/2/1271
f 1410/2/1270 1414/2/1273 1412/2/1272
f 1413/2/1271 1411/2/1271 1414/2/1273
f 1414/2/1273 1410/2/1270 1415/2/1274
f 1413/2/1271 1414/2/1273 1415/2/1274
f 1416/2/1275 1417/2/1276 1418/2/1277
f 1416/2/1275 1418/2/1277 1419/2/1278
f 1417/2/1276 1420/2/1279 1418/2/1277
f 1419/2/1278 1421/2/1280 1416/2/1275
f 1417/2/1276 1422/2/1281 1420/2/1279
f 1423/2/1282 1422/2/1281 1417/2/1276
f 1416/2/1275 1423/2/1282 1417/2/1276
f 1423/2/1282 1424/2/1283 1422/2/1281
f 1423/2/1282 1416/2/1275 1425/2/1284
f 1424/2/1283 1426/2/1285 1422/2/1281
f 1416/2/1275 1427/2/1286 1425/2/1284
f 1310/2/1183 1422/2/1281 1426/2/1285
f 1422/2/1281 1310/2/1183 1420/2/1279
f 1428/2/1287 1420/2/1279 1310/2/1183
f 1426/2/1285 1311/2/1184 1310/2/1183
f 1310/2/1183 1314/2/1187 1428/2/1287
f 1427/2/1286 1416/2/1275 1429/2/1288
f 1429/2/1288 1416/2/1275 1421/2/1280
f 1429/2/1288 1430/2/1289 1427/2/1286
f 1421/2/1280 1431/2/1290 1429/2/1288
f 1430/2/1289 1429/2/1288 1432/2/1291
f 1429/2/1288 1431/2/1290 1432/2/1291
f 1432/2/1291 1433/2/1292 1430/2/1289
f 1431/2/1290 1434/2/1293 1432/2/1291
f 1433/2/1292 1432/2/1291 1435/2/1294
f 1432/2/1291 1434/2/1293 1435/2/1294
f 1435/2/1294 1436/2/1295 1433/2/1292
f 1434/2/1293 1437/2/1296 1435/2/1294
f 1436/2/1295 1435/2/1294 1437/2/1296
f 1437/2/1296 1438/2/1297 1436/2/1295
f 1437/2/1296 1434/2/1293 1439/2/1298
f 1438/2/1297 1437/2/1296 1440/2/1299
f 1439/2/1298 1440/2/1299 1437/2/1296
f 1440/2/1299 1439/2/1298 1441/2/1300
f 1442/2/1301 1443/2/1302 1444/2/1303
f 1443/2/1302 1445/2/1304 1444/2/1303
f 1443/2/1302 1442/2/1301 1446/2/1301
f 1445/2/1304 1443/2/1302 1447/2/1305
f 1442/2/1301 1448/2/1306 1446/2/1301
f 1449/2/1307 1445/2/1304 1447/2/1305
f 1448/2/1306 1442/2/1301 1450/2/1308
f 1445/2/1304 1449/2/1307 1451/2/1309
f 1448/2/1306 1450/2/1308 1452/2/1310
f 1451/2/1309 1449/2/1307 1453/2/1311
f 1448/2/1306 1452/2/1310 1453/2/1311
f 1453/2/1311 1452/2/1310 1451/2/1309
f 1454/2/1312 1455/2/1313 1456/2/1314
f 1454/2/1312 1457/2/1315 1455/2/1313
f 1456/2/1314 1458/2/1314 1454/2/1312
f 1457/2/1315 1454/2/1312 1459/2/1316
f 1460/2/1317 1458/2/1314 1456/2/1314
f 1459/2/1316 1461/2/1318 1457/2/1315
f 1462/2/1317 1458/2/1314 1460/2/1317
f 1461/2/1318 1459/2/1316 1463/2/1318
f 1460/2/1317 1464/2/1319 1462/2/1317
f 1463/2/1318 1465/2/1320 1461/2/1318
f 1464/2/1319 1460/2/1317 1465/2/1320
f 1465/2/1320 1463/2/1318 1464/2/1319
f 1466/2/1321 1467/2/1322 1468/2/1323
f 1468/2/1323 1469/2/1324 1466/2/1321
f 1468/2/1323 1467/2/1322 1470/2/1322
f 1469/2/1324 1468/2/1323 1471/2/1325
f 1472/2/1326 1470/2/1322 1467/2/1322
f 1473/2/1327 1469/2/1324 1471/2/1325
f 1470/2/1322 1472/2/1326 1474/2/1328
f 1469/2/1324 1473/2/1327 1475/2/1327
f 1472/2/1326 1476/2/1329 1474/2/1328
f 1473/2/1327 1477/2/1329 1475/2/1327
f 1476/2/1329 1472/2/1326 1477/2/1329
f 1477/2/1329 1473/2/1327 1476/2/1329
f 1478/2/1330 1479/2/1331 1480/2/1330
f 1480/2/1330 1481/2/1332 1478/2/1330
f 1480/2/1330 1479/2/1331 1482/2/1331
f 1481/2/1332 1480/2/1330 1483/2/1333
f 1479/2/1331 1484/2/1334 1482/2/1331
f 1483/2/1333 1485/2/1335 1481/2/1332
f 1484/2/1334 1479/2/1331 1486/2/1334
f 1485/2/1335 1483/2/1333 1487/2/1336
f 1488/2/1337 1484/2/1334 1486/2/1334
f 1489/2/1337 1485/2/1335 1487/2/1336
f 1488/2/1337 1489/2/1337 1484/2/1334
f 1489/2/1337 1488/2/1337 1485/2/1335
f 1490/2/1338 1491/2/1339 1492/2/1340
f 1490/2/1338 1493/2/1341 1491/2/1339
f 1492/2/1340 1494/2/1342 1490/2/1338
f 1493/2/1341 1490/2/1338 1495/2/1341
f 1492/2/1340 1496/2/1343 1494/2/1342
f 1495/2/1341 1497/2/1344 1493/2/1341
f 1496/2/1343 1498/2/1345 1494/2/1342
f 1497/2/1344 1495/2/1341 1499/2/1346
f 1496/2/1343 1500/2/1347 1498/2/1345
f 1497/2/1344 1499/2/1346 1500/2/1347
f 1500/2/1347 1496/2/1343 1501/2/1348
f 1501/2/1348 1497/2/1344 1500/2/1347
f 1502/2/1349 1503/2/1349 1504/2/1350
f 1502/2/1349 1505/2/1351 1503/2/1349
f 1502/2/1349 1504/2/1350 1506/2/1350
f 1505/2/1351 1502/2/1349 1507/2/1352
f 1504/2/1350 1508/2/1353 1506/2/1350
f 1505/2/1351 1507/2/1352 1509/2/1354
f 1506/2/1350 1508/2/1353 1510/2/1353
f 1505/2/1351 1509/2/1354 1511/2/1354
f 1508/2/1353 1512/2/1355 1510/2/1353
f 1512/2/1355 1511/2/1354 1509/2/1354
f 1512/2/1355 1508/2/1353 1513/2/1355
f 1511/2/1354 1512/2/1355 1513/2/1355
f 1514/2/1356 1515/2/1357 1516/2/1356
f 1515/2/1357 1514/2/1356 1517/2/1358
f 1516/2/1356 1518/2/1359 1514/2/1356
f 1515/2/1357 1517/2/1358 1519/2/1360
f 1518/2/1359 1516/2/1356 1520/2/1359
f 1515/2/1357 1519/2/1360 1521/2/1361
f 1520/2/1359 1522/2/1362 1518/2/1359
f 1523/2/1363 1521/2/1361 1519/2/1360
f 1522/2/1362 1520/2/1359 1524/2/1362
f 1521/2/1361 1523/2/1363 1525/2/1364
f 1525/2/1364 1523/2/1363 1522/2/1362
f 1525/2/1364 1522/2/1362 1524/2/1362
f 1526/2/1365 1527/2/1366 1528/2/1367
f 1526/2/1365 1528/2/1367 1529/2/1367
f 1527/2/1366 1526/2/1365 1530/2/1368
f 1528/2/1367 1531/2/1369 1529/2/1367
f 1527/2/1366 1530/2/1368 1532/2/1368
f 1529/2/1367 1531/2/1369 1533/2/1370
f 1530/2/1368 1534/2/1371 1532/2/1368
f 1531/2/1369 1535/2/1372 1533/2/1370
f 1534/2/1371 1530/2/1368 1536/2/1371
f 1535/2/1372 1534/2/1371 1536/2/1371
f 1535/2/1372 1531/2/1369 1537/2/1373
f 1534/2/1371 1535/2/1372 1537/2/1373
f 1538/2/1374 1539/2/1375 1540/2/1376
f 1541/2/1377 1538/2/1374 1540/2/1376
f 1539/2/1375 1538/2/1374 1542/2/1375
f 1538/2/1374 1541/2/1377 1543/2/1377
f 1542/2/1375 1544/2/1378 1539/2/1375
f 1541/2/1377 1545/2/1379 1543/2/1377
f 1544/2/1378 1542/2/1375 1546/2/1378
f 1545/2/1379 1541/2/1377 1547/2/1379
f 1548/2/1380 1544/2/1378 1546/2/1378
f 1549/2/1381 1545/2/1379 1547/2/1379
f 1544/2/1378 1548/2/1380 1549/2/1381
f 1545/2/1379 1549/2/1381 1548/2/1380
f 1550/2/1382 1551/2/1383 1552/2/1384
f 1551/2/1383 1553/2/1383 1552/2/1384
f 1550/2/1382 1552/2/1384 1554/2/1385
f 1551/2/1383 1555/2/1386 1553/2/1383
f 1550/2/1382 1554/2/1385 1556/2/1387
f 1555/2/1386 1551/2/1383 1557/2/1386
f 1554/2/1385 1558/2/1388 1556/2/1387
f 1555/2/1386 1557/2/1386 1559/2/1389
f 1558/2/1388 1554/2/1385 1560/2/1388
f 1560/2/1388 1559/2/1389 1558/2/1388
f 1559/2/1389 1561/2/1389 1555/2/1386
f 1559/2/1389 1560/2/1388 1561/2/1389
f 1562/2/1390 1563/2/1391 1564/2/1392
f 1562/2/1390 1565/2/1393 1563/2/1391
f 1562/2/1390 1564/2/1392 1566/2/1392
f 1565/2/1393 1562/2/1390 1567/2/1393
f 1566/2/1392 1564/2/1392 1568/2/1394
f 1567/2/1393 1569/2/1395 1565/2/1393
f 1568/2/1394 1570/2/1394 1566/2/1392
f 1569/2/1395 1567/2/1393 1571/2/1396
f 1570/2/1394 1568/2/1394 1572/2/1397
f 1571/2/1396 1572/2/1397 1569/2/1395
f 1572/2/1397 1573/2/1398 1570/2/1394
f 1572/2/1397 1571/2/1396 1573/2/1398
f 1574/2/1399 1575/2/1400 1576/2/1401
f 1575/2/1400 1574/2/1399 1577/2/1400
f 1576/2/1401 1578/2/1402 1574/2/1399
f 1579/2/1403 1575/2/1400 1577/2/1400
f 1578/2/1402 1576/2/1401 1580/2/1402
f 1575/2/1400 1579/2/1403 1581/2/1403
f 1580/2/1402 1582/2/1404 1578/2/1402
f 1583/2/1405 1581/2/1403 1579/2/1403
f 1582/2/1404 1580/2/1402 1584/2/1406
f 1584/2/1406 1583/2/1405 1582/2/1404
f 1581/2/1403 1583/2/1405 1585/2/1407
f 1583/2/1405 1584/2/1406 1585/2/1407
o RenderMesh_86195134801688
v 0.298601 -0.318889 -0.365898
v 0.308994 -0.301854 -0.364100
v 0.319991 -0.319807 -0.369216
v 0.288589 -0.318091 -0.352693
v 0.307677 -0.336516 -0.363006
v 0.328465 -0.302446 -0.359409
v 0.302439 -0.295394 -0.350297
v 0.337542 -0.320073 -0.356517
v 0.288251 -0.316447 -0.300990
v 0.296016 -0.303721 -0.299646
v 0.310563 -0.304163 -0.296142
v 0.300683 -0.341578 -0.348840
v 0.295032 -0.329617 -0.298829
v 0.328381 -0.296182 -0.344047
v 0.340475 -0.319670 -0.340193
v 0.317344 -0.317332 -0.293981
v 0.309579 -0.330059 -0.295325
v 0.326625 -0.342367 -0.342590
v 0.327147 -0.337108 -0.358315
v -0.221285 -0.345376 0.320006
v -0.248400 -0.337248 0.322980
v -0.232015 -0.343687 0.332546
v -0.250994 -0.352521 0.338125
v -0.220844 -0.369806 0.330764
v -0.243118 -0.336796 0.307260
v -0.231684 -0.362021 0.340620
v -0.247738 -0.373917 0.339128
v -0.212554 -0.384750 0.281937
v -0.212801 -0.371052 0.275905
v -0.224548 -0.393637 0.280822
v -0.225042 -0.366241 0.268758
v -0.237037 -0.375128 0.267644
v -0.242236 -0.385655 0.328777
v -0.264510 -0.352645 0.305272
v -0.236789 -0.388825 0.273676
v -0.264068 -0.377075 0.316031
v -0.264455 -0.349143 0.321488
v -0.264124 -0.367477 0.329562
v -0.333109 -0.310038 0.115056
v -0.326865 -0.327086 0.123530
v -0.334081 -0.311431 0.136654
v -0.321230 -0.307374 0.103785
v -0.312909 -0.330090 0.115078
v -0.320657 -0.284576 0.117666
v -0.270572 -0.298440 0.098296
v -0.270250 -0.285657 0.106079
v -0.265907 -0.311177 0.104628
v -0.260920 -0.311130 0.118742
v -0.311762 -0.284494 0.142838
v -0.332679 -0.292927 0.125473
v -0.265264 -0.285610 0.120193
v -0.326004 -0.292865 0.144365
v -0.303442 -0.307210 0.154129
v -0.260599 -0.298347 0.126525
v -0.319759 -0.309913 0.152839
v -0.304016 -0.330008 0.140250
v -0.320190 -0.327024 0.142422
v 0.247918 -0.144621 0.373665
v 0.262432 -0.130915 0.375369
v 0.243300 -0.126433 0.384493
v 0.249323 -0.148997 0.357724
v 0.228700 -0.139034 0.374623
v 0.223998 -0.119739 0.377284
v 0.223717 -0.141551 0.359000
v 0.217451 -0.115843 0.362546
v 0.231690 -0.126768 0.310072
v 0.246048 -0.130942 0.309356
v 0.228177 -0.112353 0.312059
v 0.268663 -0.130734 0.359993
v 0.256892 -0.120704 0.310628
v 0.253379 -0.106289 0.312617
v 0.236792 -0.097580 0.364817
v 0.239021 -0.102114 0.313333
v 0.262398 -0.105025 0.363540
v 0.257730 -0.111620 0.378030
v 0.238513 -0.106033 0.378988
v 0.037635 -0.421728 -0.373641
v 0.048439 -0.408552 -0.363101
v 0.058181 -0.418490 -0.379706
v 0.029926 -0.430118 -0.361582
v 0.046795 -0.436506 -0.383600
v 0.068403 -0.410152 -0.362520
v 0.077562 -0.424930 -0.372478
v 0.066758 -0.438108 -0.383018
v 0.083127 -0.434384 -0.360032
v 0.070922 -0.414694 -0.346763
v 0.044321 -0.412560 -0.347538
v 0.061042 -0.451989 -0.312303
v 0.046127 -0.450794 -0.312738
v 0.067885 -0.463030 -0.319743
v 0.038055 -0.460638 -0.320612
v 0.059813 -0.472874 -0.327617
v 0.044898 -0.471679 -0.328052
v 0.042130 -0.449808 -0.374851
v 0.068731 -0.451941 -0.374076
v 0.226664 -0.953749 0.338896
v 0.216370 -0.936582 0.338001
v 0.209007 -0.951996 0.351328
v 0.229730 -0.956634 0.322849
v 0.217446 -0.970686 0.344339
v 0.217448 -0.979202 0.330101
v 0.197935 -0.970456 0.348887
v 0.191449 -0.978896 0.336161
v 0.187640 -0.953291 0.347992
v 0.200078 -0.978470 0.281379
v 0.185500 -0.978299 0.284777
v 0.206964 -0.965816 0.277312
v 0.177809 -0.965474 0.284108
v 0.199273 -0.952991 0.276644
v 0.177733 -0.956024 0.334969
v 0.216012 -0.933762 0.321656
v 0.184695 -0.952820 0.280042
v 0.190014 -0.933457 0.327716
v 0.196858 -0.936353 0.342549
v 0.015877 -0.079318 -0.380638
v 0.028551 -0.064338 -0.384689
v 0.036616 -0.084440 -0.384243
v 0.007161 -0.072984 -0.368022
v 0.022736 -0.096357 -0.372635
v 0.048086 -0.066398 -0.380738
v 0.054945 -0.083437 -0.372735
v 0.024049 -0.053026 -0.373420
v 0.059217 -0.078475 -0.357492
v 0.042270 -0.098417 -0.368684
v 0.016300 -0.095689 -0.357359
v 0.042329 -0.098435 -0.352093
v 0.016352 -0.068194 -0.313539
v 0.011227 -0.055463 -0.319518
v 0.030945 -0.069734 -0.310587
v 0.020696 -0.044272 -0.322545
v 0.040415 -0.058542 -0.313614
v 0.035291 -0.045810 -0.319593
v 0.050078 -0.055770 -0.368155
vn -0.5771 -0.0039 -0.8167
vn -0.1870 0.6354 -0.7492
vn 0.2329 -0.0395 -0.9717
vn -0.9487 0.0261 -0.3150
vn -0.2365 -0.6653 -0.7081
vn 0.5436 0.6132 -0.5732
vn -0.4318 0.8733 -0.2255
vn 0.8842 -0.0483 -0.4646
vn -0.9993 0.0378 -0.0077
vn -0.4940 0.8658 0.0797
vn 0.4524 0.8370 0.3077
vn -0.4973 -0.8505 -0.1711
vn -0.5581 -0.8191 0.1329
vn 0.5365 0.8439 0.0078
vn 0.9879 -0.0328 0.1516
vn 0.8937 -0.0198 0.4483
vn 0.3884 -0.8479 0.3609
vn 0.4710 -0.8800 0.0622
vn 0.4941 -0.6875 -0.5321
vn 0.7686 0.6228 0.1463
vn -0.2464 0.9329 0.2627
vn 0.3684 0.6912 0.6216
vn -0.3549 0.3714 0.8580
vn 0.7851 -0.2890 0.5478
vn -0.0463 0.9430 -0.3294
vn 0.3809 0.0033 0.9246
vn -0.2216 -0.4431 0.8686
vn 0.8769 -0.3972 0.2705
vn 0.8609 0.4940 -0.1220
vn 0.0966 -0.9754 0.1980
vn 0.0644 0.8070 -0.5870
vn -0.7160 0.2288 -0.6595
vn -0.0134 -0.8806 0.4737
vn -0.8447 0.3515 -0.4036
vn -0.6999 -0.6624 -0.2670
vn -0.8283 -0.5603 -0.0021
vn -0.8489 0.4865 0.2067
vn -0.8364 -0.2015 0.5097
vn -0.8622 -0.1188 -0.4924
vn -0.6279 -0.7585 -0.1744
vn -0.9279 -0.1766 0.3284
vn -0.4100 -0.0179 -0.9119
vn -0.0994 -0.8658 -0.4905
vn -0.3886 0.8330 -0.3938
vn -0.1141 0.0370 -0.9928
vn -0.0932 0.8687 -0.4864
vn 0.1894 -0.7917 -0.5808
vn 0.5139 -0.7887 0.3375
vn -0.0566 0.8361 0.5457
vn -0.8461 0.5233 -0.1015
vn 0.2313 0.8718 0.4319
vn -0.5956 0.5256 0.6074
vn 0.2540 -0.0118 0.9671
vn 0.5348 0.0431 0.8439
vn -0.3613 -0.1141 0.9254
vn 0.2326 -0.8627 0.4491
vn -0.3774 -0.7562 0.5345
vn 0.1833 -0.8124 0.5535
vn 0.7280 -0.2981 0.6174
vn 0.0104 -0.1342 0.9909
vn 0.2347 -0.9708 -0.0491
vn -0.5378 -0.6028 0.5894
vn -0.7143 0.1212 0.6893
vn -0.7210 -0.6929 -0.0015
vn -0.9549 0.2666 0.1309
vn -0.7079 -0.6358 -0.3075
vn 0.2262 -0.9075 -0.3540
vn -0.9365 0.3020 -0.1781
vn 0.9566 -0.2892 0.0357
vn 0.9318 -0.2413 -0.2712
vn 0.7033 0.6966 -0.1418
vn -0.2330 0.9483 0.2157
vn -0.2309 0.9683 -0.0953
vn 0.7228 0.6704 0.1680
vn 0.5515 0.4259 0.7173
vn -0.1696 0.6356 0.7532
vn -0.7026 0.4472 -0.5535
vn -0.2972 0.9417 -0.1580
vn 0.0706 0.5871 -0.8064
vn -0.9869 0.1290 -0.0967
vn -0.3589 -0.1073 -0.9272
vn 0.4520 0.8816 -0.1361
vn 0.7957 0.3270 -0.5098
vn 0.3902 -0.1675 -0.9054
vn 0.9988 -0.0303 -0.0389
vn 0.5432 0.7047 0.4564
vn -0.4496 0.7843 0.4275
vn 0.5092 0.5074 0.6952
vn -0.4613 0.5852 0.6669
vn 0.9544 -0.2110 0.2111
vn -0.9864 -0.0553 0.1545
vn 0.4293 -0.8515 -0.3013
vn -0.5412 -0.7737 -0.3295
vn -0.5314 -0.6060 -0.5920
vn 0.4615 -0.6856 -0.5630
vn 0.8806 0.1133 0.4601
vn 0.4943 0.7575 0.4265
vn 0.2251 0.1849 0.9566
vn 0.9893 0.0042 -0.1458
vn 0.5347 -0.5223 0.6643
vn 0.5309 -0.8382 0.1249
vn -0.1974 -0.5136 0.8350
vn -0.4395 -0.8268 0.3511
vn -0.5837 0.1305 0.8014
vn 0.4494 -0.8764 -0.1734
vn -0.4991 -0.8652 0.0477
vn 0.8974 -0.0530 -0.4380
vn -0.9995 -0.0308 0.0042
vn 0.3970 0.7814 -0.4815
vn -0.9515 0.0269 0.3066
vn 0.4773 0.8579 -0.1903
vn -0.5515 0.7925 -0.2604
vn -0.4931 0.8693 0.0359
vn -0.2378 0.7661 0.5971
vn -0.6366 -0.1678 -0.7527
vn -0.1610 0.3944 -0.9047
vn 0.1462 -0.3717 -0.9168
vn -0.9592 0.0712 -0.2736
vn -0.3792 -0.8072 -0.4524
vn 0.5720 0.3170 -0.7565
vn 0.8295 -0.3224 -0.4562
vn -0.3288 0.8162 -0.4751
vn 0.9838 -0.1337 0.1194
vn 0.3538 -0.8845 -0.3042
vn -0.6181 -0.7762 0.1244
vn 0.3535 -0.8787 0.3209
vn -0.6493 -0.6439 0.4048
vn -0.9827 0.1844 0.0158
vn 0.3003 -0.7440 0.5969
vn -0.3666 0.9126 -0.1812
vn 0.9164 -0.0159 0.3999
vn 0.5829 0.8124 0.0109
vn 0.6427 0.7137 -0.2786
vt 0.000000 0.000000
s 1
f 1586/3/1408 1587/3/1409 1588/3/1410
f 1589/3/1411 1587/3/1409 1586/3/1408
f 1590/3/1412 1586/3/1408 1588/3/1410
f 1589/3/1411 1586/3/1408 1590/3/1412
f 1587/3/1409 1591/3/1413 1588/3/1410
f 1587/3/1409 1589/3/1411 1592/3/1414
f 1592/3/1414 1591/3/1413 1587/3/1409
f 1591/3/1413 1593/3/1415 1588/3/1410
f 1594/3/1416 1592/3/1414 1589/3/1411
f 1592/3/1414 1594/3/1416 1595/3/1417
f 1596/3/1418 1592/3/1414 1595/3/1417
f 1597/3/1419 1594/3/1416 1589/3/1411
f 1597/3/1419 1589/3/1411 1590/3/1412
f 1597/3/1419 1598/3/1420 1594/3/1416
f 1591/3/1413 1592/3/1414 1599/3/1421
f 1592/3/1414 1596/3/1418 1599/3/1421
f 1599/3/1421 1600/3/1422 1591/3/1413
f 1596/3/1418 1600/3/1422 1599/3/1421
f 1593/3/1415 1591/3/1413 1600/3/1422
f 1600/3/1422 1596/3/1418 1601/3/1423
f 1602/3/1424 1600/3/1422 1601/3/1423
f 1598/3/1420 1597/3/1419 1603/3/1425
f 1598/3/1420 1603/3/1425 1602/3/1424
f 1602/3/1424 1603/3/1425 1600/3/1422
f 1590/3/1412 1603/3/1425 1597/3/1419
f 1600/3/1422 1604/3/1426 1593/3/1415
f 1604/3/1426 1600/3/1422 1603/3/1425
f 1603/3/1425 1590/3/1412 1604/3/1426
f 1593/3/1415 1604/3/1426 1588/3/1410
f 1604/3/1426 1590/3/1412 1588/3/1410
f 1605/3/1427 1606/3/1428 1607/3/1429
f 1607/3/1429 1606/3/1428 1608/3/1430
f 1607/3/1429 1609/3/1431 1605/3/1427
f 1606/3/1428 1605/3/1427 1610/3/1432
f 1611/3/1433 1607/3/1429 1608/3/1430
f 1609/3/1431 1607/3/1429 1611/3/1433
f 1612/3/1434 1611/3/1433 1608/3/1430
f 1613/3/1435 1605/3/1427 1609/3/1431
f 1605/3/1427 1613/3/1435 1614/3/1436
f 1614/3/1436 1610/3/1432 1605/3/1427
f 1609/3/1431 1615/3/1437 1613/3/1435
f 1610/3/1432 1614/3/1436 1616/3/1438
f 1610/3/1432 1616/3/1438 1617/3/1439
f 1611/3/1433 1618/3/1440 1609/3/1431
f 1615/3/1437 1609/3/1431 1618/3/1440
f 1618/3/1440 1611/3/1433 1612/3/1434
f 1610/3/1432 1617/3/1439 1619/3/1441
f 1610/3/1432 1619/3/1441 1606/3/1428
f 1620/3/1442 1619/3/1441 1617/3/1439
f 1621/3/1443 1620/3/1442 1615/3/1437
f 1619/3/1441 1620/3/1442 1621/3/1443
f 1621/3/1443 1615/3/1437 1618/3/1440
f 1619/3/1441 1622/3/1444 1606/3/1428
f 1621/3/1443 1622/3/1444 1619/3/1441
f 1606/3/1428 1622/3/1444 1608/3/1430
f 1623/3/1445 1621/3/1443 1618/3/1440
f 1622/3/1444 1621/3/1443 1623/3/1445
f 1623/3/1445 1618/3/1440 1612/3/1434
f 1622/3/1444 1623/3/1445 1608/3/1430
f 1623/3/1445 1612/3/1434 1608/3/1430
f 1624/3/1446 1625/3/1447 1626/3/1448
f 1627/3/1449 1625/3/1447 1624/3/1446
f 1625/3/1447 1627/3/1449 1628/3/1450
f 1624/3/1446 1629/3/1451 1627/3/1449
f 1630/3/1452 1627/3/1449 1629/3/1451
f 1630/3/1452 1628/3/1450 1627/3/1449
f 1630/3/1452 1629/3/1451 1631/3/1453
f 1628/3/1450 1630/3/1452 1632/3/1454
f 1633/3/1455 1628/3/1450 1632/3/1454
f 1634/3/1456 1631/3/1453 1629/3/1451
f 1629/3/1451 1624/3/1446 1635/3/1457
f 1635/3/1457 1634/3/1456 1629/3/1451
f 1635/3/1457 1624/3/1446 1626/3/1448
f 1631/3/1453 1634/3/1456 1636/3/1458
f 1634/3/1456 1635/3/1457 1637/3/1459
f 1637/3/1459 1635/3/1457 1626/3/1448
f 1636/3/1458 1634/3/1456 1638/3/1460
f 1638/3/1460 1639/3/1461 1636/3/1458
f 1638/3/1460 1633/3/1455 1639/3/1461
f 1634/3/1456 1637/3/1459 1640/3/1462
f 1638/3/1460 1634/3/1456 1640/3/1462
f 1640/3/1462 1637/3/1459 1626/3/1448
f 1633/3/1455 1638/3/1460 1641/3/1463
f 1640/3/1462 1641/3/1463 1638/3/1460
f 1633/3/1455 1641/3/1463 1628/3/1450
f 1642/3/1464 1640/3/1462 1626/3/1448
f 1641/3/1463 1640/3/1462 1642/3/1464
f 1642/3/1464 1628/3/1450 1641/3/1463
f 1625/3/1447 1642/3/1464 1626/3/1448
f 1628/3/1450 1642/3/1464 1625/3/1447
f 1643/3/1465 1644/3/1466 1645/3/1467
f 1646/3/1468 1644/3/1466 1643/3/1465
f 1647/3/1469 1643/3/1465 1645/3/1467
f 1647/3/1469 1646/3/1468 1643/3/1465
f 1648/3/1470 1647/3/1469 1645/3/1467
f 1646/3/1468 1647/3/1469 1649/3/1471
f 1650/3/1472 1647/3/1469 1648/3/1470
f 1647/3/1469 1650/3/1472 1649/3/1471
f 1651/3/1473 1646/3/1468 1649/3/1471
f 1651/3/1473 1649/3/1471 1650/3/1472
f 1646/3/1468 1651/3/1473 1652/3/1474
f 1651/3/1473 1650/3/1472 1653/3/1475
f 1652/3/1474 1654/3/1476 1646/3/1468
f 1644/3/1466 1646/3/1468 1654/3/1476
f 1654/3/1476 1652/3/1474 1655/3/1477
f 1654/3/1476 1655/3/1477 1656/3/1478
f 1653/3/1475 1650/3/1472 1657/3/1479
f 1657/3/1479 1658/3/1480 1653/3/1475
f 1657/3/1479 1656/3/1478 1658/3/1480
f 1654/3/1476 1656/3/1478 1659/3/1481
f 1656/3/1478 1657/3/1479 1659/3/1481
f 1654/3/1476 1660/3/1482 1644/3/1466
f 1660/3/1482 1654/3/1476 1659/3/1481
f 1659/3/1481 1657/3/1479 1660/3/1482
f 1644/3/1466 1660/3/1482 1645/3/1467
f 1657/3/1479 1650/3/1472 1661/3/1483
f 1657/3/1479 1661/3/1483 1660/3/1482
f 1660/3/1482 1661/3/1483 1645/3/1467
f 1650/3/1472 1648/3/1470 1661/3/1483
f 1661/3/1483 1648/3/1470 1645/3/1467
f 1662/3/1484 1663/3/1485 1664/3/1486
f 1665/3/1487 1663/3/1485 1662/3/1484
f 1666/3/1488 1662/3/1484 1664/3/1486
f 1666/3/1488 1665/3/1487 1662/3/1484
f 1663/3/1485 1667/3/1489 1664/3/1486
f 1667/3/1489 1668/3/1490 1664/3/1486
f 1669/3/1491 1666/3/1488 1664/3/1486
f 1668/3/1490 1669/3/1491 1664/3/1486
f 1667/3/1489 1670/3/1492 1668/3/1490
f 1670/3/1492 1669/3/1491 1668/3/1490
f 1663/3/1485 1671/3/1493 1667/3/1489
f 1670/3/1492 1667/3/1489 1671/3/1493
f 1671/3/1493 1663/3/1485 1672/3/1494
f 1663/3/1485 1665/3/1487 1672/3/1494
f 1673/3/1495 1671/3/1493 1672/3/1494
f 1673/3/1495 1670/3/1492 1671/3/1493
f 1672/3/1494 1674/3/1496 1673/3/1495
f 1665/3/1487 1674/3/1496 1672/3/1494
f 1670/3/1492 1673/3/1495 1675/3/1497
f 1674/3/1496 1665/3/1487 1676/3/1498
f 1677/3/1499 1670/3/1492 1675/3/1497
f 1665/3/1487 1678/3/1500 1676/3/1498
f 1678/3/1500 1665/3/1487 1679/3/1501
f 1679/3/1501 1677/3/1499 1678/3/1500
f 1665/3/1487 1666/3/1488 1679/3/1501
f 1670/3/1492 1677/3/1499 1680/3/1502
f 1677/3/1499 1679/3/1501 1680/3/1502
f 1666/3/1488 1680/3/1502 1679/3/1501
f 1669/3/1491 1670/3/1492 1680/3/1502
f 1680/3/1502 1666/3/1488 1669/3/1491
f 1681/3/1503 1682/3/1504 1683/3/1505
f 1684/3/1506 1682/3/1504 1681/3/1503
f 1685/3/1507 1681/3/1503 1683/3/1505
f 1685/3/1507 1684/3/1506 1681/3/1503
f 1684/3/1506 1685/3/1507 1686/3/1508
f 1687/3/1509 1685/3/1507 1683/3/1505
f 1685/3/1507 1688/3/1510 1686/3/1508
f 1688/3/1510 1685/3/1507 1687/3/1509
f 1689/3/1511 1687/3/1509 1683/3/1505
f 1688/3/1510 1690/3/1512 1686/3/1508
f 1690/3/1512 1684/3/1506 1686/3/1508
f 1690/3/1512 1688/3/1510 1691/3/1513
f 1684/3/1506 1690/3/1512 1692/3/1514
f 1688/3/1510 1693/3/1515 1691/3/1513
f 1684/3/1506 1692/3/1514 1694/3/1516
f 1687/3/1509 1695/3/1517 1688/3/1510
f 1695/3/1517 1687/3/1509 1689/3/1511
f 1693/3/1515 1688/3/1510 1695/3/1517
f 1684/3/1506 1694/3/1516 1696/3/1518
f 1682/3/1504 1684/3/1506 1696/3/1518
f 1697/3/1519 1696/3/1518 1694/3/1516
f 1693/3/1515 1698/3/1520 1697/3/1519
f 1697/3/1519 1698/3/1520 1696/3/1518
f 1698/3/1520 1693/3/1515 1695/3/1517
f 1696/3/1518 1699/3/1521 1682/3/1504
f 1699/3/1521 1696/3/1518 1698/3/1520
f 1695/3/1517 1699/3/1521 1698/3/1520
f 1699/3/1521 1695/3/1517 1689/3/1511
f 1682/3/1504 1699/3/1521 1683/3/1505
f 1699/3/1521 1689/3/1511 1683/3/1505
f 1700/3/1522 1701/3/1523 1702/3/1524
f 1703/3/1525 1701/3/1523 1700/3/1522
f 1704/3/1526 1700/3/1522 1702/3/1524
f 1703/3/1525 1700/3/1522 1704/3/1526
f 1701/3/1523 1705/3/1527 1702/3/1524
f 1705/3/1527 1706/3/1528 1702/3/1524
f 1707/3/1529 1705/3/1527 1701/3/1523
f 1701/3/1523 1703/3/1525 1707/3/1529
f 1708/3/1530 1706/3/1528 1705/3/1527
f 1706/3/1528 1709/3/1531 1702/3/1524
f 1709/3/1531 1704/3/1526 1702/3/1524
f 1708/3/1530 1709/3/1531 1706/3/1528
f 1704/3/1526 1709/3/1531 1710/3/1532
f 1710/3/1532 1703/3/1525 1704/3/1526
f 1711/3/1533 1710/3/1532 1709/3/1531
f 1709/3/1531 1708/3/1530 1711/3/1533
f 1712/3/1534 1703/3/1525 1710/3/1532
f 1712/3/1534 1710/3/1532 1711/3/1533
f 1703/3/1525 1712/3/1534 1713/3/1535
f 1712/3/1534 1711/3/1533 1714/3/1536
f 1714/3/1536 1711/3/1533 1708/3/1530
f 1703/3/1525 1713/3/1535 1715/3/1537
f 1715/3/1537 1707/3/1529 1703/3/1525
f 1708/3/1530 1716/3/1538 1714/3/1536
f 1708/3/1530 1717/3/1539 1716/3/1538
f 1718/3/1540 1715/3/1537 1717/3/1539
f 1717/3/1539 1708/3/1530 1718/3/1540
f 1715/3/1537 1718/3/1540 1707/3/1529
f 1718/3/1540 1708/3/1530 1705/3/1527
f 1705/3/1527 1707/3/1529 1718/3/1540
o RenderMesh_112249900602211
v -0.341566 -0.082018 -0.268787
v -0.330148 -0.102196 -0.285298
v -0.344758 -0.094413 -0.284201
v -0.357391 -0.109836 -0.282206
v -0.360421 -0.092673 -0.269336
v -0.366832 -0.112863 -0.264793
v -0.351007 -0.085045 -0.251375
v -0.363641 -0.100468 -0.249378
v -0.355309 -0.110264 -0.238899
v -0.338473 -0.089715 -0.241559
v -0.359562 -0.126780 -0.259438
v -0.346981 -0.122746 -0.282638
v -0.314127 -0.146899 -0.245047
v -0.311743 -0.137638 -0.233531
v -0.307074 -0.144637 -0.258055
v -0.297635 -0.133115 -0.259547
v -0.295250 -0.123854 -0.248030
v -0.302304 -0.126116 -0.235022
v -0.325895 -0.085681 -0.264758
v -0.050814 -0.849150 -0.380453
v -0.039523 -0.833502 -0.385849
v -0.031211 -0.853307 -0.388689
v -0.056791 -0.844061 -0.365839
v -0.042144 -0.866501 -0.375433
v -0.019562 -0.835205 -0.386224
v -0.010894 -0.852557 -0.381202
v -0.041747 -0.823211 -0.373028
v -0.022184 -0.868205 -0.375807
v -0.003599 -0.848601 -0.366837
v -0.015152 -0.825482 -0.373526
v -0.034491 -0.818371 -0.322038
v -0.019579 -0.819644 -0.322317
v -0.042927 -0.830062 -0.318005
v -0.013102 -0.832608 -0.318565
v -0.036450 -0.843026 -0.314254
v -0.021537 -0.844298 -0.314534
v -0.045240 -0.867181 -0.359147
v -0.018644 -0.869451 -0.359646
v 0.361815 -0.614964 0.143968
v 0.360306 -0.597762 0.154130
v 0.371653 -0.613815 0.163236
v 0.365026 -0.632141 0.153770
v 0.346251 -0.617046 0.138614
v 0.366731 -0.632117 0.173734
v 0.344241 -0.594124 0.152154
v 0.365223 -0.614914 0.183896
v 0.362009 -0.597737 0.174093
v 0.346510 -0.594092 0.178755
v 0.296390 -0.611052 0.162144
v 0.297516 -0.623904 0.154552
v 0.297662 -0.611034 0.177059
v 0.299917 -0.636738 0.161875
v 0.350791 -0.616979 0.191815
v 0.300062 -0.623867 0.184381
v 0.301188 -0.636719 0.176791
v 0.352800 -0.639899 0.178274
v 0.350531 -0.639933 0.151675
v -0.269309 -0.914873 0.338511
v -0.283580 -0.901230 0.335097
v -0.289649 -0.921995 0.336277
v -0.276291 -0.891547 0.323771
v -0.300430 -0.906513 0.325627
v -0.271887 -0.933798 0.332455
v -0.257274 -0.909724 0.328318
v -0.256463 -0.891372 0.275990
v -0.288736 -0.939080 0.322986
v -0.245802 -0.901565 0.278541
v -0.298741 -0.898584 0.311153
v -0.269051 -0.895318 0.268916
v -0.303007 -0.925437 0.319571
v -0.302173 -0.923800 0.303084
v -0.270976 -0.909458 0.264391
v -0.283158 -0.941977 0.307631
v -0.260314 -0.919650 0.266941
v -0.247726 -0.915704 0.274016
v -0.260709 -0.934940 0.320249
v -0.122534 -0.227973 0.334389
v -0.114110 -0.243474 0.343887
v -0.103483 -0.224597 0.344140
v -0.127638 -0.235078 0.320294
v -0.111095 -0.213054 0.327459
v -0.094248 -0.244057 0.346456
v -0.091231 -0.213636 0.330027
v -0.082808 -0.229137 0.339526
v -0.074707 -0.236631 0.327138
v -0.085930 -0.215975 0.314483
v -0.112396 -0.215199 0.311061
v -0.087657 -0.248912 0.274630
v -0.102497 -0.248477 0.272709
v -0.081364 -0.260493 0.281724
v -0.111043 -0.259623 0.277887
v -0.089910 -0.271639 0.286902
v -0.104750 -0.271204 0.284983
v -0.089950 -0.256509 0.336371
v -0.116414 -0.255734 0.332948
v 0.082647 -0.732192 0.368689
v 0.065928 -0.720992 0.388820
v 0.074330 -0.737813 0.381898
v 0.062901 -0.752074 0.373683
v 0.053564 -0.738764 0.388001
v 0.046099 -0.718432 0.387527
v 0.034671 -0.732692 0.379312
v 0.043072 -0.749513 0.372389
v 0.029803 -0.725367 0.365245
v 0.045031 -0.706365 0.376190
v 0.071453 -0.709778 0.377912
v 0.055669 -0.694745 0.326915
v 0.070484 -0.696659 0.327881
v 0.047130 -0.705400 0.320779
v 0.076760 -0.709226 0.322711
v 0.053407 -0.717967 0.315607
v 0.068222 -0.719881 0.316572
v 0.040997 -0.747780 0.356021
v 0.067420 -0.751192 0.357743
v 0.338279 -0.817386 0.156852
v 0.338634 -0.830454 0.172036
v 0.352310 -0.833846 0.155577
v 0.322444 -0.832805 0.174787
v 0.344960 -0.849215 0.168962
v 0.344248 -0.823081 0.138594
v 0.321970 -0.815394 0.154554
v 0.350572 -0.841842 0.135517
v 0.278829 -0.850213 0.153090
v 0.278563 -0.840450 0.141745
v 0.283552 -0.864230 0.150794
v 0.283022 -0.844704 0.128104
v 0.330870 -0.857804 0.170690
v 0.288012 -0.868484 0.137152
v 0.329922 -0.822981 0.130226
v 0.287746 -0.858721 0.125807
v 0.338349 -0.847980 0.126129
v 0.338823 -0.865391 0.146361
v 0.350927 -0.854910 0.150703
v -0.326492 -0.119471 0.213465
v -0.326847 -0.106396 0.228644
v -0.340523 -0.103012 0.212184
v -0.310657 -0.104044 0.231392
v -0.333172 -0.087636 0.225561
v -0.332461 -0.113785 0.195203
v -0.310184 -0.121465 0.211169
v -0.338786 -0.095025 0.192120
v -0.339141 -0.081950 0.207298
v -0.326563 -0.088891 0.182727
v -0.327036 -0.071470 0.202951
v -0.319084 -0.079047 0.227285
v -0.276225 -0.068382 0.193740
v -0.271766 -0.072630 0.207383
v -0.267042 -0.086646 0.209688
v -0.266777 -0.096414 0.198347
v -0.275960 -0.078150 0.182400
v -0.271234 -0.092167 0.184704
v -0.318136 -0.113888 0.186835
vn -0.0237 0.9601 -0.2785
vn 0.4061 0.1992 -0.8919
vn -0.1435 0.4950 -0.8569
vn -0.6176 -0.0837 -0.7820
vn -0.7550 0.5785 -0.3088
vn -0.9719 -0.1973 -0.1287
vn -0.3780 0.8465 0.3749
vn -0.8521 0.2678 0.4497
vn -0.5330 -0.1019 0.8399
vn 0.0954 0.6651 0.7407
vn -0.6918 -0.7184 0.0733
vn -0.2222 -0.5678 -0.7926
vn -0.4430 -0.8809 0.1670
vn -0.2878 -0.2783 0.9164
vn 0.0160 -0.7337 -0.6793
vn 0.6301 0.0160 -0.7763
vn 0.7853 0.6186 -0.0270
vn 0.3263 0.4714 0.8193
vn 0.5648 0.8156 -0.1252
vn -0.7776 -0.1323 -0.6147
vn -0.3539 0.4549 -0.8172
vn -0.0433 -0.2976 -0.9537
vn -0.9963 0.0597 -0.0616
vn -0.4522 -0.7834 -0.4263
vn 0.3952 0.3910 -0.8313
vn 0.7205 -0.2602 -0.6428
vn -0.4348 0.8379 -0.3299
vn 0.2968 -0.8474 -0.4404
vn 0.9890 -0.1097 -0.0988
vn 0.5579 0.7532 -0.3485
vn -0.4116 0.9109 -0.0279
vn 0.5587 0.8281 -0.0461
vn -0.9605 0.1503 0.2344
vn 0.9801 -0.0154 0.1980
vn -0.5390 -0.6932 0.4785
vn 0.4312 -0.7760 0.4603
vn -0.5652 -0.8032 0.1882
vn 0.4275 -0.8880 0.1696
vn 0.5869 0.0890 -0.8048
vn 0.5303 0.7345 -0.4234
vn 0.9870 0.1364 -0.0844
vn 0.7074 -0.5556 -0.4370
vn -0.0017 0.0102 -0.9999
vn 0.7713 -0.5546 0.3122
vn -0.0768 0.8657 -0.4946
vn 0.7147 0.0909 0.6935
vn 0.5941 0.7355 0.3257
vn 0.0079 0.8670 0.4983
vn -0.3799 0.8041 -0.4573
vn -0.3066 -0.0321 -0.9513
vn -0.2971 0.8053 0.5131
vn -0.1504 -0.8671 -0.4748
vn 0.1677 0.0127 0.9858
vn -0.1410 -0.0297 0.9896
vn -0.0676 -0.8659 0.4957
vn 0.2427 -0.8428 0.4804
vn 0.1580 -0.8441 -0.5125
vn 0.3531 0.0510 0.9342
vn -0.1825 0.5629 0.8061
vn -0.4235 -0.2233 0.8780
vn 0.0925 0.9224 0.3750
vn -0.8147 0.3647 0.4508
vn 0.2564 -0.6592 0.7069
vn 0.8024 0.2439 0.5447
vn 0.2213 0.9705 0.0954
vn -0.3759 -0.8574 0.3516
vn 0.9150 0.3074 0.2613
vn -0.7454 0.6597 -0.0960
vn -0.5978 0.7138 -0.3650
vn -0.9115 -0.3454 0.2235
vn -0.8735 -0.2815 -0.3972
vn -0.7230 -0.2061 -0.6594
vn -0.1638 -0.9599 -0.2274
vn -0.0293 -0.8693 -0.4934
vn 0.7897 -0.6125 -0.0331
vn 0.6742 -0.6973 0.2436
vn -0.8104 0.3386 0.4782
vn -0.4943 -0.2431 0.8346
vn -0.0986 0.4804 0.8715
vn -0.9961 0.0693 -0.0545
vn -0.3811 0.8984 0.2182
vn 0.2511 -0.2650 0.9310
vn 0.3642 0.8766 0.3146
vn 0.6803 0.2949 0.6710
vn 0.9795 0.0114 0.2010
vn 0.5606 0.7824 -0.2714
vn -0.4272 0.8113 -0.3991
vn 0.5784 0.6163 -0.5344
vn -0.3871 0.6446 -0.6593
vn 0.9879 -0.1372 -0.0727
vn -0.9432 -0.0806 -0.3224
vn 0.4318 -0.8624 0.2641
vn -0.5337 -0.8341 0.1392
vn 0.4106 -0.7306 0.5456
vn -0.5772 -0.7016 0.4179
vn 0.9766 -0.1632 0.1398
vn 0.3540 0.2542 0.9000
vn 0.6693 -0.3770 0.6403
vn 0.2404 -0.9121 0.3320
vn -0.1136 -0.4261 0.8975
vn -0.3901 0.3503 0.8515
vn -0.8190 -0.1848 0.5433
vn -0.5037 -0.8160 0.2835
vn -0.9957 0.0915 0.0112
vn -0.4274 0.8008 0.4197
vn 0.5589 0.6734 0.4840
vn -0.3826 0.9143 0.1330
vn 0.5813 0.7898 0.1958
vn -0.9382 0.2211 -0.2663
vn 0.9897 -0.0279 -0.1406
vn -0.5298 -0.5966 -0.6028
vn 0.4341 -0.7211 -0.5400
vn -0.5779 -0.7450 -0.3331
vn 0.4083 -0.8724 -0.2688
vn 0.3791 0.8882 0.2594
vn 0.3925 0.3979 0.8293
vn 0.9350 0.2793 0.2185
vn -0.2182 0.3067 0.9265
vn 0.6298 -0.3062 0.7139
vn 0.6031 0.6745 -0.4258
vn -0.2359 0.9566 0.1713
vn 0.8404 -0.0295 -0.5412
vn -0.5021 0.2135 0.8380
vn -0.5194 0.8487 0.0999
vn -0.1947 -0.6985 0.6886
vn -0.2292 0.5719 -0.7877
vn 0.0963 -0.6264 0.7735
vn 0.0954 -0.9753 -0.1990
vn 0.0609 0.6734 -0.7368
vn 0.0782 -0.3401 -0.9371
vn 0.3754 -0.2597 -0.8897
vn 0.3931 -0.9096 -0.1345
vn 0.8537 -0.5199 0.0287
vn -0.3791 -0.8881 0.2599
vn -0.3924 -0.3975 0.8295
vn -0.9350 -0.2792 0.2187
vn 0.2182 -0.3063 0.9266
vn -0.6298 0.3065 0.7137
vn -0.6031 -0.6747 -0.4254
vn 0.2359 -0.9565 0.1717
vn -0.8404 0.0293 -0.5411
vn -0.8537 0.5199 0.0284
vn -0.3754 0.2593 -0.8898
vn -0.3931 0.9095 -0.1350
vn -0.0963 0.6267 0.7733
vn -0.0954 0.9752 -0.1995
vn 0.1947 0.6989 0.6882
vn 0.5021 -0.2130 0.8382
vn 0.5194 -0.8486 0.1003
vn -0.0781 0.3397 -0.9373
vn 0.2293 -0.5723 -0.7874
vn -0.0609 -0.6737 -0.7365
vt 0.000000 0.000000
s 1
f 1719/4/1541 1720/4/1542 1721/4/1543
f 1720/4/1542 1722/4/1544 1721/4/1543
f 1721/4/1543 1722/4/1544 1723/4/1545
f 1719/4/1541 1721/4/1543 1723/4/1545
f 1722/4/1544 1724/4/1546 1723/4/1545
f 1725/4/1547 1719/4/1541 1723/4/1545
f 1726/4/1548 1725/4/1547 1723/4/1545
f 1724/4/1546 1726/4/1548 1723/4/1545
f 1727/4/1549 1725/4/1547 1726/4/1548
f 1724/4/1546 1727/4/1549 1726/4/1548
f 1728/4/1550 1719/4/1541 1725/4/1547
f 1725/4/1547 1727/4/1549 1728/4/1550
f 1727/4/1549 1724/4/1546 1729/4/1551
f 1730/4/1552 1724/4/1546 1722/4/1544
f 1724/4/1546 1730/4/1552 1729/4/1551
f 1722/4/1544 1720/4/1542 1730/4/1552
f 1731/4/1553 1727/4/1549 1729/4/1551
f 1730/4/1552 1731/4/1553 1729/4/1551
f 1727/4/1549 1731/4/1553 1732/4/1554
f 1732/4/1554 1728/4/1550 1727/4/1549
f 1731/4/1553 1730/4/1552 1733/4/1555
f 1720/4/1542 1733/4/1555 1730/4/1552
f 1733/4/1555 1720/4/1542 1734/4/1556
f 1720/4/1542 1735/4/1557 1734/4/1556
f 1728/4/1550 1732/4/1554 1736/4/1558
f 1735/4/1557 1720/4/1542 1737/4/1559
f 1737/4/1559 1736/4/1558 1735/4/1557
f 1736/4/1558 1737/4/1559 1728/4/1550
f 1720/4/1542 1719/4/1541 1737/4/1559
f 1719/4/1541 1728/4/1550 1737/4/1559
f 1738/4/1560 1739/4/1561 1740/4/1562
f 1741/4/1563 1739/4/1561 1738/4/1560
f 1742/4/1564 1738/4/1560 1740/4/1562
f 1741/4/1563 1738/4/1560 1742/4/1564
f 1739/4/1561 1743/4/1565 1740/4/1562
f 1743/4/1565 1744/4/1566 1740/4/1562
f 1745/4/1567 1743/4/1565 1739/4/1561
f 1739/4/1561 1741/4/1563 1745/4/1567
f 1744/4/1566 1746/4/1568 1740/4/1562
f 1746/4/1568 1742/4/1564 1740/4/1562
f 1744/4/1566 1743/4/1565 1747/4/1569
f 1747/4/1569 1746/4/1568 1744/4/1566
f 1743/4/1565 1745/4/1567 1748/4/1570
f 1748/4/1570 1747/4/1569 1743/4/1565
f 1749/4/1571 1748/4/1570 1745/4/1567
f 1749/4/1571 1745/4/1567 1741/4/1563
f 1748/4/1570 1749/4/1571 1750/4/1572
f 1750/4/1572 1747/4/1569 1748/4/1570
f 1741/4/1563 1751/4/1573 1749/4/1571
f 1747/4/1569 1750/4/1572 1752/4/1574
f 1741/4/1563 1753/4/1575 1751/4/1573
f 1747/4/1569 1752/4/1574 1754/4/1576
f 1753/4/1575 1741/4/1563 1755/4/1577
f 1755/4/1577 1741/4/1563 1742/4/1564
f 1756/4/1578 1754/4/1576 1753/4/1575
f 1753/4/1575 1755/4/1577 1756/4/1578
f 1754/4/1576 1756/4/1578 1747/4/1569
f 1742/4/1564 1756/4/1578 1755/4/1577
f 1746/4/1568 1747/4/1569 1756/4/1578
f 1756/4/1578 1742/4/1564 1746/4/1568
f 1757/4/1579 1758/4/1580 1759/4/1581
f 1760/4/1582 1757/4/1579 1759/4/1581
f 1760/4/1582 1761/4/1583 1757/4/1579
f 1761/4/1583 1758/4/1580 1757/4/1579
f 1762/4/1584 1760/4/1582 1759/4/1581
f 1758/4/1580 1761/4/1583 1763/4/1585
f 1764/4/1586 1762/4/1584 1759/4/1581
f 1758/4/1580 1765/4/1587 1759/4/1581
f 1765/4/1587 1764/4/1586 1759/4/1581
f 1763/4/1585 1766/4/1588 1758/4/1580
f 1758/4/1580 1766/4/1588 1765/4/1587
f 1767/4/1589 1766/4/1588 1763/4/1585
f 1761/4/1583 1767/4/1589 1763/4/1585
f 1761/4/1583 1768/4/1590 1767/4/1589
f 1766/4/1588 1767/4/1589 1769/4/1591
f 1761/4/1583 1770/4/1592 1768/4/1590
f 1771/4/1593 1765/4/1587 1766/4/1588
f 1769/4/1591 1771/4/1593 1766/4/1588
f 1765/4/1587 1771/4/1593 1764/4/1586
f 1771/4/1593 1762/4/1584 1764/4/1586
f 1771/4/1593 1769/4/1591 1772/4/1594
f 1773/4/1595 1771/4/1593 1772/4/1594
f 1762/4/1584 1771/4/1593 1774/4/1596
f 1773/4/1595 1774/4/1596 1771/4/1593
f 1762/4/1584 1774/4/1596 1775/4/1597
f 1773/4/1595 1775/4/1597 1774/4/1596
f 1775/4/1597 1773/4/1595 1770/4/1592
f 1770/4/1592 1761/4/1583 1775/4/1597
f 1762/4/1584 1775/4/1597 1760/4/1582
f 1761/4/1583 1760/4/1582 1775/4/1597
f 1776/4/1598 1777/4/1599 1778/4/1600
f 1777/4/1599 1776/4/1598 1779/4/1601
f 1777/4/1599 1780/4/1602 1778/4/1600
f 1779/4/1601 1780/4/1602 1777/4/1599
f 1781/4/1603 1776/4/1598 1778/4/1600
f 1782/4/1604 1779/4/1601 1776/4/1598
f 1782/4/1604 1776/4/1598 1781/4/1603
f 1783/4/1605 1779/4/1601 1782/4/1604
f 1784/4/1606 1781/4/1603 1778/4/1600
f 1782/4/1604 1785/4/1607 1783/4/1605
f 1783/4/1605 1786/4/1608 1779/4/1601
f 1780/4/1602 1779/4/1601 1786/4/1608
f 1786/4/1608 1783/4/1605 1787/4/1609
f 1780/4/1602 1788/4/1610 1778/4/1600
f 1786/4/1608 1788/4/1610 1780/4/1602
f 1788/4/1610 1784/4/1606 1778/4/1600
f 1787/4/1609 1789/4/1611 1786/4/1608
f 1788/4/1610 1786/4/1608 1789/4/1611
f 1789/4/1611 1787/4/1609 1790/4/1612
f 1788/4/1610 1791/4/1613 1784/4/1606
f 1791/4/1613 1788/4/1610 1789/4/1611
f 1790/4/1612 1791/4/1613 1789/4/1611
f 1791/4/1613 1781/4/1603 1784/4/1606
f 1791/4/1613 1790/4/1612 1792/4/1614
f 1791/4/1613 1792/4/1614 1793/4/1615
f 1781/4/1603 1791/4/1613 1794/4/1616
f 1791/4/1613 1793/4/1615 1794/4/1616
f 1794/4/1616 1782/4/1604 1781/4/1603
f 1794/4/1616 1793/4/1615 1785/4/1607
f 1785/4/1607 1782/4/1604 1794/4/1616
f 1795/4/1617 1796/4/1618 1797/4/1619
f 1798/4/1620 1796/4/1618 1795/4/1617
f 1799/4/1621 1795/4/1617 1797/4/1619
f 1799/4/1621 1798/4/1620 1795/4/1617
f 1796/4/1618 1800/4/1622 1797/4/1619
f 1801/4/1623 1799/4/1621 1797/4/1619
f 1802/4/1624 1801/4/1623 1797/4/1619
f 1800/4/1622 1802/4/1624 1797/4/1619
f 1803/4/1625 1801/4/1623 1802/4/1624
f 1800/4/1622 1803/4/1625 1802/4/1624
f 1804/4/1626 1799/4/1621 1801/4/1623
f 1801/4/1623 1803/4/1625 1804/4/1626
f 1799/4/1621 1804/4/1626 1805/4/1627
f 1798/4/1620 1799/4/1621 1805/4/1627
f 1806/4/1628 1805/4/1627 1804/4/1626
f 1803/4/1625 1806/4/1628 1804/4/1626
f 1805/4/1627 1806/4/1628 1807/4/1629
f 1807/4/1629 1798/4/1620 1805/4/1627
f 1806/4/1628 1803/4/1625 1808/4/1630
f 1798/4/1620 1807/4/1629 1809/4/1631
f 1803/4/1625 1810/4/1632 1808/4/1630
f 1811/4/1633 1798/4/1620 1809/4/1631
f 1810/4/1632 1803/4/1625 1812/4/1634
f 1803/4/1625 1800/4/1622 1812/4/1634
f 1810/4/1632 1813/4/1635 1811/4/1633
f 1798/4/1620 1811/4/1633 1813/4/1635
f 1813/4/1635 1810/4/1632 1812/4/1634
f 1800/4/1622 1813/4/1635 1812/4/1634
f 1796/4/1618 1798/4/1620 1813/4/1635
f 1813/4/1635 1800/4/1622 1796/4/1618
f 1814/4/1636 1815/4/1637 1816/4/1638
f 1814/4/1636 1816/4/1638 1817/4/1639
f 1816/4/1638 1815/4/1637 1818/4/1640
f 1817/4/1639 1816/4/1638 1818/4/1640
f 1815/4/1637 1819/4/1641 1818/4/1640
f 1819/4/1641 1820/4/1642 1818/4/1640
f 1821/4/1643 1817/4/1639 1818/4/1640
f 1820/4/1642 1821/4/1643 1818/4/1640
f 1822/4/1644 1820/4/1642 1819/4/1641
f 1822/4/1644 1821/4/1643 1820/4/1642
f 1815/4/1637 1823/4/1645 1819/4/1641
f 1823/4/1645 1822/4/1644 1819/4/1641
f 1823/4/1645 1815/4/1637 1824/4/1646
f 1815/4/1637 1814/4/1636 1824/4/1646
f 1825/4/1647 1823/4/1645 1824/4/1646
f 1825/4/1647 1822/4/1644 1823/4/1645
f 1824/4/1646 1826/4/1648 1825/4/1647
f 1826/4/1648 1824/4/1646 1814/4/1636
f 1822/4/1644 1825/4/1647 1827/4/1649
f 1814/4/1636 1828/4/1650 1826/4/1648
f 1822/4/1644 1827/4/1649 1829/4/1651
f 1814/4/1636 1830/4/1652 1828/4/1650
f 1821/4/1643 1822/4/1644 1831/4/1653
f 1829/4/1651 1831/4/1653 1822/4/1644
f 1831/4/1653 1817/4/1639 1821/4/1643
f 1832/4/1654 1829/4/1651 1830/4/1652
f 1829/4/1651 1832/4/1654 1831/4/1653
f 1830/4/1652 1814/4/1636 1832/4/1654
f 1817/4/1639 1831/4/1653 1832/4/1654
f 1832/4/1654 1814/4/1636 1817/4/1639
f 1833/4/1655 1834/4/1656 1835/4/1657
f 1833/4/1655 1836/4/1658 1834/4/1656
f 1834/4/1656 1837/4/1659 1835/4/1657
f 1836/4/1658 1837/4/1659 1834/4/1656
f 1838/4/1660 1833/4/1655 1835/4/1657
f 1833/4/1655 1839/4/1661 1836/4/1658
f 1838/4/1660 1839/4/1661 1833/4/1655
f 1840/4/1662 1838/4/1660 1835/4/1657
f 1839/4/1661 1841/4/1663 1836/4/1658
f 1839/4/1661 1842/4/1664 1841/4/1663
f 1843/4/1665 1836/4/1658 1841/4/1663
f 1839/4/1661 1844/4/1666 1842/4/1664
f 1836/4/1658 1843/4/1665 1845/4/1667
f 1837/4/1659 1836/4/1658 1845/4/1667
f 1845/4/1667 1843/4/1665 1846/4/1668
f 1844/4/1666 1839/4/1661 1847/4/1669
f 1839/4/1661 1838/4/1660 1847/4/1669
f 1847/4/1669 1848/4/1670 1844/4/1666
f 1838/4/1660 1849/4/1671 1847/4/1669
f 1848/4/1670 1847/4/1669 1849/4/1671
f 1849/4/1671 1846/4/1668 1848/4/1670
f 1849/4/1671 1838/4/1660 1840/4/1662
f 1846/4/1668 1850/4/1672 1845/4/1667
f 1846/4/1668 1849/4/1671 1850/4/1672
f 1845/4/1667 1850/4/1672 1837/4/1659
f 1851/4/1673 1849/4/1671 1840/4/1662
f 1849/4/1671 1851/4/1673 1850/4/1672
f 1850/4/1672 1851/4/1673 1837/4/1659
f 1851/4/1673 1840/4/1662 1835/4/1657
f 1837/4/1659 1851/4/1673 1835/4/1657
f 1852/4/1674 1853/4/1675 1854/4/1676
f 1852/4/1674 1855/4/1677 1853/4/1675
f 1853/4/1675 1856/4/1678 1854/4/1676
f 1855/4/1677 1856/4/1678 1853/4/1675
f 1857/4/1679 1852/4/1674 1854/4/1676
f 1855/4/1677 1852/4/1674 1858/4/1680
f 1852/4/1674 1857/4/1679 1858/4/1680
f 1859/4/1681 1857/4/1679 1854/4/1676
f 1856/4/1678 1860/4/1682 1854/4/1676
f 1860/4/1682 1859/4/1681 1854/4/1676
f 1861/4/1683 1857/4/1679 1859/4/1681
f 1861/4/1683 1859/4/1681 1860/4/1682
f 1856/4/1678 1862/4/1684 1860/4/1682
f 1862/4/1684 1861/4/1683 1860/4/1682
f 1862/4/1684 1856/4/1678 1863/4/1685
f 1856/4/1678 1855/4/1677 1863/4/1685
f 1864/4/1686 1861/4/1683 1862/4/1684
f 1863/4/1685 1864/4/1686 1862/4/1684
f 1864/4/1686 1863/4/1685 1865/4/1687
f 1865/4/1687 1863/4/1685 1855/4/1677
f 1855/4/1677 1866/4/1688 1865/4/1687
f 1866/4/1688 1855/4/1677 1858/4/1680
f 1858/4/1680 1867/4/1689 1866/4/1688
f 1861/4/1683 1864/4/1686 1868/4/1690
f 1858/4/1680 1869/4/1691 1867/4/1689
f 1868/4/1690 1870/4/1692 1861/4/1683
f 1870/4/1692 1868/4/1690 1869/4/1691
f 1869/4/1691 1858/4/1680 1870/4/1692
f 1857/4/1679 1861/4/1683 1870/4/1692
f 1870/4/1692 1858/4/1680 1857/4/1679
